Materials,Piezoelectric_Modulus,Crystal_Symmetry,mp_id
GaBN2,0.739661977,tetragonal,mp-1007823
BC2N,0.65775,tetragonal,mp-1008523
B2AsP,0.054517933,tetragonal,mp-1008528
AlGaN2,0.480111362,tetragonal,mp-1008556
NdBiPd,0.437876667,cubic,mp-1008858
BeSnAs2,0.46825,tetragonal,mp-1009084
BeSiP2,0.141305,tetragonal,mp-1009085
BeSiAs2,0.131505,tetragonal,mp-1009087
BeGeAs2,0.10722,tetragonal,mp-1009088
BaSiC,0.455782301,tetragonal,mp-1009828
BeGeP2,0.1178,tetragonal,mp-1013527
MgSiAs2,0.14469,tetragonal,mp-1016197
Al3GaN4,0.40219,cubic,mp-1019378
AlB3N4,0.46892,cubic,mp-1019379
Al3BN4,0.15565,cubic,mp-1019380
AlGa3N4,0.23519,cubic,mp-1019508
B2S2O9,0.237062597,monoclinic,mp-1019509
BeGeN2,1.240779263,orthorhombic,mp-1019550
Ca2B2O5,0.16603,orthorhombic,mp-1019560
GaB3N4,0.78069,cubic,mp-1019740
Ga3BN4,0.11691,cubic,mp-1019743
Mn(AlTe2)2,0.05759,tetragonal,mp-1025315
Cd(AgI2)2,0.44492,tetragonal,mp-1025377
Li7BiN4,0.15341,cubic,mp-1029517
BaGe7N10,1.550821427,monoclinic,mp-1029679
CsC2N3,0.008615135,trigonal,mp-1029718
BaLiP,0.547548142,hexagonal,mp-10615
BaLiAs,0.496954638,hexagonal,mp-10616
AlPS4,0.06057,orthorhombic,mp-1071955
LiAsSe2,1.465844053,monoclinic,mp-1078724
Ba2CdAs2,0.582351563,orthorhombic,mp-1079666
ScAgS2,0.629901983,trigonal,mp-1094066
Ca2CdAs2,0.874908719,orthorhombic,mp-1095180
CaB4O7,1.670003161,orthorhombic,mp-11000
BiRhSe,0.17413,cubic,mp-1101765
AlCBr4,0.27989,tetragonal,mp-1102536
BiIrSe,0.15768,cubic,mp-1103228
Cs4A6S5,0.236418918,trigonal,mp-1104686
LiAlS2,0.97177665,orthorhombic,mp-1106183
BPO4,0.153004208,trigonal,mp-11653
BAsO4,0.211808919,trigonal,mp-11654
Li4CO4,0.551637446,orthorhombic,mp-1180553
YAgSe2,0.19897,orthorhombic,mp-1188559
BeCN2,0.493098497,orthorhombic,mp-1189451
La3Sb4Au3,0.31933,cubic,mp-1190030
Zn(BH4)2,0.26224,tetragonal,mp-1191586
K3AsS3,0.04751,cubic,mp-1193111
HgB4O7,2.095161105,orthorhombic,mp-12022
SiPAu,0.395149802,trigonal,mp-1207095
GaCBr4,0.2763,tetragonal,mp-1212660
Ca3AsI3,0,cubic,mp-1214087
Zn3PBr3,0.673499624,monoclinic,mp-1215629
RbBH4,0.05996,cubic,mp-1219553
BiTeIr,0.10234,cubic,mp-1227372
Ba4Bi2O,0.812326641,tetragonal,mp-1228030
AsRhSe,0.1142,cubic,mp-1228724
AsRhS,0.10663,cubic,mp-1228745
AlReSi,2.483052203,tetragonal,mp-1228809
AsIrSe,0.11778,cubic,mp-1228810
AsIrS,0.11016,cubic,mp-1228823
Ag3PO4,1.224157632,trigonal,mp-1229128
LiBF4,0.08890335,trigonal,mp-12403
Ag3PS4,0.623903844,orthorhombic,mp-12459
ErAgTe2,0.66249,tetragonal,mp-12902
YAgTe2,0.67857,tetragonal,mp-12903
HoAgTe2,0.68695,tetragonal,mp-12904
CBS2,0.0619,tetragonal,mp-12954
HoAgSe2,0.1647,orthorhombic,mp-12955
SnB4O7,1.36381,orthorhombic,mp-13252
SmSnAu,0.44718,cubic,mp-13305
HoGeAu,0.5782,cubic,mp-13308
Cd(BO2)2,0.769631307,hexagonal,mp-13335
Y3Sb4Au3,0.876959944,cubic,mp-13654
Al4CO4,0.678970545,orthorhombic,mp-13703
BaGeO3,0.17409,orthorhombic,mp-13863
Ag2PSe3,0.17376,orthorhombic,mp-13956
Ba4SiAs4,0.08735,cubic,mp-14001
AlAgSe2,0.236835,tetragonal,mp-14091
AlAgTe2,0.084225,tetragonal,mp-14092
LiBO2,1.11153,tetragonal,mp-14232
AsPO5,0.08661,orthorhombic,mp-14367
SbAsO5,0.08264,orthorhombic,mp-14368
BaMgF4,1.86949,orthorhombic,mp-14568
KAsSe2,0.665263316,monoclinic,mp-14659
BaGaH5,0.244182464,orthorhombic,mp-1540000
Mn2As2O7,0.620404494,monoclinic,mp-1541585
Tl3AsO4,1.050721201,hexagonal,mp-15573
KZnAs,0.280092082,hexagonal,mp-15687
BeCN2,0.461515,tetragonal,mp-15703
BeSiN2,0.14142,tetragonal,mp-15704
Li2AgSb,0.03671,cubic,mp-16238
CoAsS,0.12321,cubic,mp-16363
Ca5Al6O14,0.218118916,orthorhombic,mp-17694
Ag3Ge5P6,0.107814593,cubic,mp-17862
Ba2Ge2Te5,0.280354144,orthorhombic,mp-17885
CsAgSe4,0.08643,orthorhombic,mp-18105
HoAgS2,0.019012856,tetragonal,mp-18262
K7NbAs4,0.243042255,orthorhombic,mp-18361
Rb7NbAs4,0.156948014,orthorhombic,mp-18440
K3AsSe3,0.023263333,cubic,mp-18594
BaV2O6,0.21175,orthorhombic,mp-18929
BaCoO2,1.504327973,trigonal,mp-19086
Ba(FeO2)2,0.827115551,orthorhombic,mp-19154
BaNiO3,17.82595859,hexagonal,mp-19241
BaMnO3,1.080231832,hexagonal,mp-19267
Co4B6O13,0.13932,cubic,mp-19343
VAg3O4,1.1953,tetragonal,mp-19412
InAgS2,0.28136,tetragonal,mp-19833
Ba2In2O5,0.67630633,orthorhombic,mp-20546
InAgSe2,0.20373,tetragonal,mp-20554
InAgS2,0.449711162,orthorhombic,mp-21459
Al2PbO4,0.93636,orthorhombic,mp-21892
InAgTe2,0.0516,tetragonal,mp-22386
FeBiO3,3.625148308,trigonal,mp-22949
KBrO3,0.748250286,trigonal,mp-22958
BiTeI,0.376339893,trigonal,mp-22965
C(ClF)2,0.069925574,orthorhombic,mp-22966
AgClO4,0.26678,tetragonal,mp-22993
Ag3SI,0.312888336,trigonal,mp-22995
Ba4Cl6O,0.234891394,hexagonal,mp-23063
Bi2WO6,5.697979375,orthorhombic,mp-23329
NaBrO3,0.0055,cubic,mp-23339
Bi(BO2)3,1.162282514,monoclinic,mp-23349
Ge(Bi3O5)4,0.980357216,cubic,mp-23352
GaSeBr7,0.772074932,monoclinic,mp-23376
Ti3(BiO3)4,6.080634777,orthorhombic,mp-23427
GeBi2O5,3.868479151,orthorhombic,mp-23446
Ag2HgI4,0.166158448,tetragonal,mp-23485
Si(Bi3O5)4,1.148796158,cubic,mp-23492
Ti(Bi3O5)4,0.984251321,cubic,mp-23494
FeBiO3,4.372091392,trigonal,mp-23501
K2ZnBr4,0.019185925,monoclinic,mp-23535
Ag2BiO3,1.399796329,orthorhombic,mp-23558
H2CO,0.200894602,trigonal,mp-23683
BeAlH5,0.096895503,monoclinic,mp-23719
AlHO2,2.440293023,orthorhombic,mp-23807
Sr7(H6Br)2,0.18089636,hexagonal,mp-23828
BaH4O3,0.269504832,orthorhombic,mp-23904
MnBO3,0.405698919,hexagonal,mp-25296
CsBe2F5,1.41E-22,cubic,mp-27192
As2SO6,0.10818,orthorhombic,mp-27230
CsCBr3,0.225937258,orthorhombic,mp-27336
Ba(PO3)2,0.12338,orthorhombic,mp-27457
AlPS4,0.00607,orthorhombic,mp-27462
K2AgBi,0,orthorhombic,mp-27549
Be4TeO7,0.06303,cubic,mp-27608
BPS4,0.02046,orthorhombic,mp-27724
KAlCl4,0.191475323,monoclinic,mp-27755
SrBe3O4,0.498312271,hexagonal,mp-27791
Ba(GeP)2,0.18104439,tetragonal,mp-27809
Ba(GeAs)2,0.078197301,tetragonal,mp-27810
Hg3(TeBr)2,0.52517,cubic,mp-27853
Ba(NO2)2,0.04749,orthorhombic,mp-27897
BaHgS2,0.461898616,orthorhombic,mp-28007
AlCCl4,0.05847,tetragonal,mp-28020
SBr2O,0.833881093,orthorhombic,mp-28407
Li3AsS3,0.324586328,orthorhombic,mp-28471
CClF3,0.36585,orthorhombic,mp-28473
Ba(ClO3)2,0.3171675,orthorhombic,mp-28512
Ba(BrO3)2,0.48822,orthorhombic,mp-28514
RbGeBr3,0.457078655,orthorhombic,mp-28558
NaInBr4,0.06348,orthorhombic,mp-28569
CsB3H8,0,orthorhombic,mp-28582
Ba(AuF4)2,0.304393464,tetragonal,mp-28719
RbBrO3,0.634691038,trigonal,mp-28872
CsBrO3,0.335121114,trigonal,mp-28873
ScSnAu,0.34495,cubic,mp-2894
BiTeCl,0.265361897,hexagonal,mp-28944
K3BiSe3,0.07601,cubic,mp-28980
Li10BrN3,0.072397126,hexagonal,mp-28989
P3BrCl14,0.430580109,tetragonal,mp-29033
Nb3SBr7,0.162552986,trigonal,mp-29057
Ba5(SiN3)2,0.49657,orthorhombic,mp-29060
Ag2TeS3,1.123033618,monoclinic,mp-29163
Rb3BiSe3,0.0643,cubic,mp-29168
AuCN,0.864184627,hexagonal,mp-29196
BaPt2S3,0.008445,tetragonal,mp-29289
RbVBr3,0.496928771,hexagonal,mp-29314
Li5BiO5,1.400739816,monoclinic,mp-29365
K3BiTe3,0.04164,cubic,mp-29379
Cs3BiO3,0.12774,cubic,mp-29505
BrNO3,0.35005,orthorhombic,mp-29526
CAsSe2,1.404329102,trigonal,mp-29643
BaSi7N10,0.420517495,monoclinic,mp-29703
RbB3O5,0.34343,orthorhombic,mp-29756
Ho(AlCl4)3,0.059397614,trigonal,mp-29796
TlBrO3,0.823079564,trigonal,mp-29798
Ag2HgO2,0.03553,tetragonal,mp-29816
Ca3(AlN2)2,0.04294,orthorhombic,mp-29820
ZnCN2,0.22512,tetragonal,mp-29826
Ba4I6O,0.171190986,hexagonal,mp-29909
Pb7(BrF6)2,14.4418873,hexagonal,mp-29927
CIN,1.271246712,trigonal,mp-30068
Ba(BS2)2,0.349414068,monoclinic,mp-30126
BC2N,0.81214,orthorhombic,mp-30148
AuBrF6,0.075750044,monoclinic,mp-30159
Si2CN4,0.422240646,orthorhombic,mp-30161
Cs3As5O9,0.334231712,trigonal,mp-30300
Al2HgSe4,0.219966129,tetragonal,mp-3038
HoSnAu,0.286091927,cubic,mp-30390
DyNiBi,0.198603333,cubic,mp-30452
ScNiBi,0.015866667,cubic,mp-30459
YNiBi,0.307813333,cubic,mp-30460
CdSiAs2,0.18113,tetragonal,mp-3078
Ba3(BN2)2,0.26225,orthorhombic,mp-30905
Ag3PSe4,0.455622357,orthorhombic,mp-30908
CsAs4F13,1.002718479,tetragonal,mp-30927
BaNaBi,0.126692322,hexagonal,mp-31235
C2O3F2,0.02384,orthorhombic,mp-31306
Al4(B2O5)3,0.226707688,trigonal,mp-31408
ZrCoBi,0.68528,cubic,mp-31451
Al2CdSe4,0.151327506,tetragonal,mp-3159
LiAlSi,0.49018,cubic,mp-3161
BAsO4,0.627677754,tetragonal,mp-3277
Al5BO9,0.147227432,orthorhombic,mp-3281
Tb5AgS8,0.392441929,tetragonal,mp-33449
Ba(PrSe2)2,0.363675,tetragonal,mp-33606
BiTeBr,0.384553656,trigonal,mp-33723
La5AgSe8,0.294498773,tetragonal,mp-33775
Ba(InTe2)2,0.122145,tetragonal,mp-33985
Ba8P5Br,0.371692637,tetragonal,mp-34034
LiAlO2,0.04041,tetragonal,mp-3427
MgAl2O4,0.509843747,trigonal,mp-34330
Ba(NdS2)2,0.48474,tetragonal,mp-34459
Pr5AgS8,0.762931344,tetragonal,mp-34486
KSnAs,0.426877947,hexagonal,mp-3481
Ag3AuS2,0.493459241,triclinic,mp-34982
KCN,0.087232489,orthorhombic,mp-35035
BH6N,0.420578756,orthorhombic,mp-35082
Pr5AgSe8,0.253962119,tetragonal,mp-35264
Al5CS8,0.05886,cubic,mp-35267
CCN,0.557129592,trigonal,mp-35308
CrAgSe2,0.291618409,trigonal,mp-3532
Al(CN)3,0.00696,tetragonal,mp-35327
TbAgTe2,0.7379,tetragonal,mp-3551
Be(CN)2,0.036315136,tetragonal,mp-35687
Zn(CN)2,0.058534942,tetragonal,mp-35751
BiPbF5,3.488803017,triclinic,mp-35795
BPO4,0.399440006,tetragonal,mp-3589
ZnSiAs2,0.18673,tetragonal,mp-3595
Ba(NdSe2)2,0.38346,tetragonal,mp-36007
H4BrN,0.13006,cubic,mp-36248
BrO2F,0.383990105,monoclinic,mp-36262
AcOF,0.845496667,cubic,mp-36526
Sr(AsS2)2,3.175637019,triclinic,mp-36577
SrAl2O4,0.67961,hexagonal,mp-36775
Mg(CN)2,0.017229475,tetragonal,mp-36940
Sr(AlTe2)2,0.063875,tetragonal,mp-37091
Al5CSe8,0.06858,cubic,mp-37405
Nd5AgS8,0.530745653,tetragonal,mp-37449
Sm5AgS8,0.417402088,tetragonal,mp-37923
AlPO4,0.09865,cubic,mp-37990
Ba(GaTe2)2,0.10887,tetragonal,mp-38117
Ba(AlTe2)2,0.079297177,tetragonal,mp-38394
BaGe4O9,0.187705916,trigonal,mp-3848
Li7BiO6,0.353833867,triclinic,mp-38487
BaZnF4,1.51717,orthorhombic,mp-3881
GaAsO4,0.646596832,trigonal,mp-3996
Ag5SbS4,0.271125324,orthorhombic,mp-4004
ZnGeAs2,0.21275,tetragonal,mp-4008
DyAgTe2,0.71332,tetragonal,mp-4024
ErAgSe2,0.12079,orthorhombic,mp-4044
AlPO4,2.11313,orthorhombic,mp-4051
CrAgS2,0.892473614,trigonal,mp-4182
BaZnO2,0.987933097,trigonal,mp-4236
Hg(CO2)2,0,monoclinic,mp-4249
BaGa4S7,0.58824851,orthorhombic,mp-4309
BaCO3,0.619635861,trigonal,mp-4559
LiAlTe2,0.06602,tetragonal,mp-4586
CoAsS,0.189825316,orthorhombic,mp-4627
BNF8,0.32619,tetragonal,mp-4674
Li2B4O7,0.788522918,tetragonal,mp-4779
Zn4B6O13,0.15839,cubic,mp-4812
GaAgTe2,0.13848,tetragonal,mp-4899
AlCS2,0.13739,tetragonal,mp-4979
BaTiO3,4.540352945,trigonal,mp-5020
AlInS3,0.143556655,hexagonal,mp-504482
BeSO4,0.190933847,tetragonal,mp-5046
In5Se5Br,0.996651343,orthorhombic,mp-510346
In5S5Br,0.439861279,orthorhombic,mp-510347
K2BeF4,0,orthorhombic,mp-5185
LiAl5O8,0,cubic,mp-530399
GaAgS2,0.253555,tetragonal,mp-5342
B2PdO4,0.142845,tetragonal,mp-540900
FeTeBr7,0.102636381,triclinic,mp-540998
Te7As5I,0.70428437,monoclinic,mp-541032
BaGaF5,0.16514,orthorhombic,mp-541629
Na4CO4,2.600965842,monoclinic,mp-545541
AlPO4,0.445989061,hexagonal,mp-545974
CrBiO3,3.25025151,trigonal,mp-546027
Li4CO4,6.53956,cubic,mp-546202
CaCO3,1.875117661,orthorhombic,mp-548403
SrAl2O4,0.143691955,hexagonal,mp-5492
Li4CO4,3.57381135,monoclinic,mp-549207
NbBr2O,3.700729479,monoclinic,mp-550070
Li4CO4,0.777612668,monoclinic,mp-550320
BeZnO2,0.48725,tetragonal,mp-550433
Li4CO4,33.34801286,trigonal,mp-550593
Li4CO4,0.101682256,monoclinic,mp-550798
Li4CO4,0.26415,tetragonal,mp-551740
GaAgSe2,0.1884,tetragonal,mp-5518
AlBiO3,5.064935412,trigonal,mp-551918
AgNO3,0.6310826,trigonal,mp-552185
Na4CO4,1.757262926,trigonal,mp-552623
Na4CO4,50.45334798,trigonal,mp-552941
SrB4O7,1.007429864,orthorhombic,mp-5540
Al(HO)3,0.584998982,triclinic,mp-554002
MoSBr,0.203276667,cubic,mp-554769
Al(MoS2)4,0.130143583,trigonal,mp-554868
Ba4Br6O,0.219580845,hexagonal,mp-555218
Li4CO4,1.720745576,orthorhombic,mp-555256
ScBiO3,19.05054876,monoclinic,mp-555313
Li4CO4,1.263988363,orthorhombic,mp-555320
BaNiF4,1.69027,orthorhombic,mp-555321
ScBiO3,0,monoclinic,mp-555769
LiAsS2,0.587938155,monoclinic,mp-555874
Al(IO3)3,1.573204377,hexagonal,mp-555903
Li3AlF6,0.2258,orthorhombic,mp-556020
Sr4Br6O,0.186747203,hexagonal,mp-556049
BaMnF4,1.45183,orthorhombic,mp-556850
GaAgS2,0.344932637,monoclinic,mp-556916
KBiF6,0,tetragonal,mp-557724
H2CO2,0.083497744,orthorhombic,mp-558412
B2Se2O7,0.09605,orthorhombic,mp-558521
PBr3O,0,orthorhombic,mp-558645
H2C3O4,0.012165,tetragonal,mp-559232
Ta4S9Br8,0.305429651,tetragonal,mp-559724
AlPO4,0.144645,hexagonal,mp-560151
Ba12Cl5F19,0.184445269,hexagonal,mp-560641
RbB3O5,0.09927,orthorhombic,mp-561055
CaCO3,0.245091452,monoclinic,mp-561412
Ba(Si3N4)2,67.67410697,orthorhombic,mp-567771
Lu2(CN2)3,0.137166888,trigonal,mp-568116
TmNiBi,0.288043333,cubic,mp-568269
Sc(AlC)3,2.855127707,hexagonal,mp-568400
SrAlH5,0.21644,orthorhombic,mp-568450
Mg2B24C,0.700417551,tetragonal,mp-568556
LiB6C,0.331729934,orthorhombic,mp-569450
Al(BH4)3,0.02134,orthorhombic,mp-569787
HgIBr,0.168440792,orthorhombic,mp-570172
LiMgBi,0.02757,cubic,mp-570213
Ag2HgI4,0.20626,tetragonal,mp-570256
CsAsF4,0.20108533,monoclinic,mp-5707
Ag3Te2Au,1.08E-17,cubic,mp-5710
Mg(BH4)2,0.060750886,orthorhombic,mp-571156
AlPO4,0.229127767,monoclinic,mp-5724
AgNO2,0.3642,orthorhombic,mp-5770
BaTiO3,4.162563266,orthorhombic,mp-5777
AlAgS2,0.29809,tetragonal,mp-5782
CsLi3Br4,0.425439161,orthorhombic,mp-580554
Na3AsS3,0.13672,cubic,mp-5830
CaAlH5,2.27537,orthorhombic,mp-583071
AlPO4,0.349661902,hexagonal,mp-5859
LiAlGe,0.59438,cubic,mp-5920
Al2CdS4,0.225145333,tetragonal,mp-5928
BaTiO3,3.578256033,tetragonal,mp-5986
NbBr3O,0.00901,tetragonal,mp-606393
CsLi2Br3,0,orthorhombic,mp-606680
FeSeBr7,0.245327867,monoclinic,mp-607953
As(CN)3,0.427019632,monoclinic,mp-623837
YbBeF4,0,triclinic,mp-624483
AlHO2,1.47606,orthorhombic,mp-625054
AlHO2,2.233475618,triclinic,mp-625075
Al(HO)3,0.531436804,triclinic,mp-625318
H3BrO,0.381670182,trigonal,mp-625509
H3BrO,0.346768157,monoclinic,mp-625521
H7BrO3,0.592144334,monoclinic,mp-625560
H7BrO3,0.865478823,triclinic,mp-625583
H9BrO4,0.370289063,monoclinic,mp-625604
Be(HO)2,0.27114,orthorhombic,mp-625823
Be(HO)2,0.04599,orthorhombic,mp-625837
Al(HO)3,1.443861548,monoclinic,mp-626073
Al(HO)3,4.887881315,triclinic,mp-626435
Al(HO)3,1.01335629,triclinic,mp-626500
BaH4O3,0.364267234,monoclinic,mp-626720
Ag3SI,1.048218625,triclinic,mp-632480
LiB13C2,0.160890992,orthorhombic,mp-638070
CsGeBr3,0.536941851,monoclinic,mp-642739
Ba5(Ga3H)2,0.01966927,trigonal,mp-643683
BaAlH5,0.979679622,orthorhombic,mp-644097
LiBH4,0.10228537,hexagonal,mp-644223
HCN,0.757484832,tetragonal,mp-644385
YbBeF4,0.643051455,triclinic,mp-657176
Ag3SI,0.518299213,monoclinic,mp-674981
BaCO3,1.6529,orthorhombic,mp-675324
BH6N,1.425811097,triclinic,mp-675418
Pr4Ag2Se7,1.603405171,monoclinic,mp-675420
Li2MnBr4,4.260459777,orthorhombic,mp-675475
NaBiS2,10.67852159,orthorhombic,mp-675531
KBi2F7,14.0170135,triclinic,mp-675634
Al11NO15,0.251271018,triclinic,mp-675682
Ag3SI,0.708044203,monoclinic,mp-675879
LiBH4,0,triclinic,mp-675926
AgBiS2,24.84459113,monoclinic,mp-675977
Ba2PrF7,2.996870516,triclinic,mp-676002
KBF4,0.391044044,triclinic,mp-676049
YAgSe2,0.066180444,monoclinic,mp-676284
Cd3AsI3,0.248423515,monoclinic,mp-676464
Ag3SI,0.45796237,trigonal,mp-676561
Li6Br3N,0.902893287,monoclinic,mp-676650
Ag8GeTe6,2.28505431,triclinic,mp-676799
Ag8GeTe6,1.042443742,triclinic,mp-685969
MnCO3,39.82858948,monoclinic,mp-690525
RbBe2F5,0.172584648,triclinic,mp-696736
Be(HO)2,0.52054,orthorhombic,mp-697136
Ba3WO6,1.016538482,triclinic,mp-697853
LiAlSe2,0.276724427,orthorhombic,mp-7117
Ba2Na2O3,0.078365,tetragonal,mp-752395
Ba2SrI6,0,tetragonal,mp-752397
YbB4O7,1.884002289,orthorhombic,mp-752484
LiAgF2,0.159698337,monoclinic,mp-752767
HoBO3,1.717010675,orthorhombic,mp-753056
LiAgF2,0.670694113,orthorhombic,mp-753277
Li2AgF5,1.188247421,triclinic,mp-753316
DyBO3,1.664888587,orthorhombic,mp-753318
BaCa2I6,0.933952957,monoclinic,mp-753460
BaCaI4,0.143494866,orthorhombic,mp-753775
ScBiO3,4.859032686,trigonal,mp-754009
TmBiO3,5.428583803,trigonal,mp-754323
VBO4,0.101891552,tetragonal,mp-754594
CaBe3O4,0.362929626,hexagonal,mp-754739
TaAsO4,2.002565389,monoclinic,mp-754840
BaYF5,2.91440675,monoclinic,mp-754920
ErBiO3,4.997849436,trigonal,mp-754943
Y3AlO6,0.620111272,orthorhombic,mp-754979
Cd4B6O13,0.0691,cubic,mp-755260
BaNa2O2,0.583862338,orthorhombic,mp-755391
CdBiO3,1.19678081,trigonal,mp-755478
GaBiO3,4.230458203,trigonal,mp-755568
BaMgO2,0.853074919,trigonal,mp-756018
Na3AsO4,0.987478802,orthorhombic,mp-756044
BaNa4O3,0.715520468,monoclinic,mp-756084
BaNa4O3,16.77554582,monoclinic,mp-756090
Ba2SrI6,0,monoclinic,mp-756202
TaAsO4,1.24985812,orthorhombic,mp-756401
Mg3(AsO4)2,0.28134791,tetragonal,mp-758196
LiAgF2,1.27724,tetragonal,mp-758604
B(HO)3,0.029201385,trigonal,mp-759069
TaAlO4,1.031104984,tetragonal,mp-760396
ErBO3,1.761231741,orthorhombic,mp-760405
Ba2SrI6,0.799157922,hexagonal,mp-760418
YBO3,1.711325877,orthorhombic,mp-760457
SmBO3,1.432561864,orthorhombic,mp-760477
TmBO3,1.969403157,orthorhombic,mp-760484
Li2AgF3,0,monoclinic,mp-760580
Li2AgF4,0,monoclinic,mp-761269
BaCO3,0.297546731,monoclinic,mp-762225
BaCaI4,0.240371169,monoclinic,mp-766325
YBiO3,4.8307273,trigonal,mp-768221
LaBiO3,4.442634181,trigonal,mp-768310
Tl3AsSe3,0.97392975,trigonal,mp-7684
Lu3AlO6,0.711095154,orthorhombic,mp-768573
NbAsO4,2.543535175,orthorhombic,mp-770219
AlGaO3,0.704724512,orthorhombic,mp-772898
W(BrO)2,7.443094544,orthorhombic,mp-774146
AgClO3,0.01496,cubic,mp-775761
BaYF5,2.491738794,monoclinic,mp-777233
Ba2MgO3,0,monoclinic,mp-779511
AlPO4,0.423359124,tetragonal,mp-7848
AlAsO4,0.309584913,tetragonal,mp-7849
AlAgS2,2.292166884,trigonal,mp-7885
Al2HgS4,0.317172827,tetragonal,mp-7906
Al2ZnSe4,0.082368616,tetragonal,mp-7907
Al2ZnTe4,0.058933017,tetragonal,mp-7908
Al2CdTe4,0.089395899,tetragonal,mp-7909
Al2HgTe4,0.120922462,tetragonal,mp-7910
BeSiN2,0.398786689,orthorhombic,mp-7913
AlCSe2,0.04272,tetragonal,mp-8016
AlCTe2,0.040325,tetragonal,mp-8017
AgNO3,0.264643358,trigonal,mp-8196
BaAl4S7,0.36962,orthorhombic,mp-8258
Na2AgAs,0,orthorhombic,mp-8411
AlInSe3,0.101373982,hexagonal,mp-862787
NbBiO4,2.422482153,monoclinic,mp-863076
Sr2CdAs2,0.568030383,orthorhombic,mp-867203
Na3AsSe3,0.081566667,cubic,mp-8686
LiZnAs,0.7323,cubic,mp-9124
Li3AsO4,1.136009713,orthorhombic,mp-9197
NaAlO2,1.198037233,orthorhombic,mp-9212
Ag3AsS4,0.538943732,orthorhombic,mp-9538
LiBeSb,0.772463049,hexagonal,mp-9575
LiCaAs,0.682684821,cubic,mp-961684
NaCaAs,0.007329833,cubic,mp-961685
ZrInAu,0.290390237,cubic,mp-961693
Ba2Si5N8,0.294525903,orthorhombic,mp-9711
SmBS3,0.36927,orthorhombic,mp-972448
BaNaP,0.029733841,hexagonal,mp-9732
B4PbO7,1.533211453,orthorhombic,mp-9747
NaSrAs,0.210799138,hexagonal,mp-9775
Tl3AsS3,0.792178664,trigonal,mp-9791
Ag2GeO3,0.30754,orthorhombic,mp-983589
Dy3Sb4Au3,0.79917,cubic,mp-984350
Al(HO)3,0.11714,orthorhombic,mp-985293
Ag2GeS3,0.217052771,orthorhombic,mp-9900
LiAuO2,0.066344835,tetragonal,mp-996959
AgClO2,0.28270237,triclinic,mp-996984
MgAgF3,0,cubic,mp-998358
KGeBr3,1.338562335,monoclinic,mp-998412
InSnBr3,1.957781954,trigonal,mp-998555
Ti2MnAl,1.43574,cubic,mp-999052
LuCuS2,0.507583852,trigonal,mp-1001780
NaCO,0.5051,cubic,mp-1008867
ZnCdSe2,0.017815,tetragonal,mp-1017534
Ce3Zr5O16,1.142984999,orthorhombic,mp-1019589
Ce5Zr3O16,1.25495,orthorhombic,mp-1019595
Cd5(S2Cl)2,1.155045201,monoclinic,mp-1021494
C2WSe4,0.23192,tetragonal,mp-1025340
NbCl2O,3.728117523,monoclinic,mp-1025567
CaSnN2,1.697938055,orthorhombic,mp-1029633
Ca3ReN4,0.814589132,trigonal,mp-1030245
C2SnS3,0.291231858,monoclinic,mp-10519
TaC3S4,0.041976667,cubic,mp-10748
Ca2CdP2,0.742481687,orthorhombic,mp-1078908
NbCoSn,1.607416922,cubic,mp-1094088
La3C3Sb4,0.33442,cubic,mp-1105594
Cs6Fe2O5,0.265373216,monoclinic,mp-1105876
Y3C3Sb4,0.57639,cubic,mp-1106051
Ca(PIr)2,1.813991223,trigonal,mp-11168
Cs3Re2N5,0.247930326,tetragonal,mp-1118943
Cs3W2N5,0.263315646,tetragonal,mp-1119092
ErSbPd,0.283313333,cubic,mp-11836
Zn2NCl,4.137267057,orthorhombic,mp-1189171
Cs3SbSe3,0.0381,cubic,mp-1192816
Cs3SbS3,0.10118,cubic,mp-1193894
Rb6CdO4,0.092765944,hexagonal,mp-1209286
Hg3(SeF)2,0.25806,cubic,mp-1212164
GaClO,0.2981903,orthorhombic,mp-1212662
Cs2Pb2O3,0.0308,cubic,mp-1213706
CaGaH5,0.138191706,monoclinic,mp-1213976
Ca3SbI3,0,cubic,mp-1214080
LiFeF6,0.075623533,tetragonal,mp-1222351
CoPS,0.07158,cubic,mp-1226003
Cd3PI3,0.686872596,monoclinic,mp-1226891
CdGeN2,1.971974936,orthorhombic,mp-1245535
CaCr2O4,0.747934309,trigonal,mp-1301869
Er2Ge2O7,0.113415,tetragonal,mp-13643
Cd(GaTe2)2,0.096506605,tetragonal,mp-13949
Rb2ThF6,0.305148393,hexagonal,mp-13978
TlCSe2,0.048995508,tetragonal,mp-14090
K2GeF6,0.261798371,hexagonal,mp-14168
K2ThF6,0.373610475,hexagonal,mp-14193
K6CoS4,0.37514906,hexagonal,mp-14794
K6CoSe4,0.376882542,hexagonal,mp-14795
Lu2Cu2O5,0.165449953,orthorhombic,mp-15335
CaC2F8,0.1792687,tetragonal,mp-1539136
RbCr5S8,0.111223894,monoclinic,mp-1539137
CsPbCl3,0,tetragonal,mp-1539667
RbPbF3,0.818666947,trigonal,mp-1540546
DyTa7O19,0.009680291,hexagonal,mp-15492
Li2CSb,0.56827,cubic,mp-15988
DySbPt,0.34776,cubic,mp-16327
ErSbPt,0.35321,cubic,mp-16329
Ga2HgTe4,0.106627653,tetragonal,mp-16337
Ca2Ga2O5,1.125637981,orthorhombic,mp-16433
CaTeO3,0.228338251,monoclinic,mp-17008
CsCSe4,0.21087,orthorhombic,mp-17095
K6CdO4,0.13828777,hexagonal,mp-17161
Na2GeF6,0.123475839,trigonal,mp-17297
Er2WO6,0.61397,orthorhombic,mp-17426
K6CdTe4,0.370859023,hexagonal,mp-17698
Cd4SiSe6,0.267876653,monoclinic,mp-17791
Cd4GeSe6,0.289390602,monoclinic,mp-18163
Cd4SiS6,0.348714296,monoclinic,mp-18179
Na4CoO3,1.241128879,monoclinic,mp-18762
Fe3PO7,1.119089815,trigonal,mp-18775
Fe2P2O7,0,triclinic,mp-18849
K3CrO8,0.91445,tetragonal,mp-18876
TiFeO3,3.006264296,trigonal,mp-19270
K3CrO4,5.75459,tetragonal,mp-19414
FePO4,0.199665,hexagonal,mp-19752
CaFeO2,0,tetragonal,mp-19842
InGaS3,0.226026339,orthorhombic,mp-19885
CsPbF3,0.489417733,trigonal,mp-20282
ErNiSb,0.195903333,cubic,mp-21272
Cd(InTe2)2,0.131940538,tetragonal,mp-21374
Cs2PbO3,0.951827203,orthorhombic,mp-21521
VC3Se4,0.16233,cubic,mp-21855
Cd(InSe2)2,0.178736097,tetragonal,mp-22304
InCS2,4.016270262,tetragonal,mp-22736
InCSe2,0.213827003,tetragonal,mp-22811
CsGeCl3,0.634744411,trigonal,mp-22988
RbClO3,0.463167635,trigonal,mp-23011
CsCCl3,0.00528,hexagonal,mp-23032
Sr4Cl6O,0.173800903,hexagonal,mp-23321
Ca4Cl6O,0.113924022,hexagonal,mp-23326
NaClO3,0.00888,cubic,mp-23330
Hg3Cl4O,0.2687,cubic,mp-23333
C2HgI4,0.12872,tetragonal,mp-23353
Hg3(SCl)2,0.35044709,cubic,mp-23418
H4NF,0.082937466,hexagonal,mp-23794
GaHO2,2.252014085,orthorhombic,mp-23803
Sr7(H6Cl)2,0.178933004,hexagonal,mp-23827
CrHO2,4.556029453,trigonal,mp-23910
CrHO2,1.216951648,orthorhombic,mp-24040
PHF2,0.07918,orthorhombic,mp-24064
FeP2O7,1.335049939,monoclinic,mp-25246
CPO4,1.327074521,orthorhombic,mp-25886
Cr(PO3)3,0.121603275,hexagonal,mp-26910
CrP2O7,0.353929186,monoclinic,mp-26974
CrPO4,1.651530546,orthorhombic,mp-27042
CsCrF4,0.031084412,hexagonal,mp-27149
Sn2IF3,0.30206,orthorhombic,mp-27167
KSb4F13,0.604993312,tetragonal,mp-27211
H5N2F,0.03797,orthorhombic,mp-27235
Ca3PI3,2.75E-21,cubic,mp-27272
PCl3O,0.262189574,orthorhombic,mp-27277
SeOF2,0.600230526,orthorhombic,mp-27367
RbCrI3,0.296567552,monoclinic,mp-27442
Na5Fe3F14,0,tetragonal,mp-27463
NaSb3F10,0.884833203,hexagonal,mp-27573
S3(NCl)2,0.179028333,monoclinic,mp-27699
PICl6,0.18808,tetragonal,mp-27824
Hg3(SeCl)2,0.35788,cubic,mp-27851
Hg3(TeCl)2,0.32946,cubic,mp-27852
TaCl4F,0.002710779,tetragonal,mp-27854
Li8CoO6,0.215605636,hexagonal,mp-27920
Na2SbF5,0.09497,orthorhombic,mp-27936
H7NF4,0.238319648,trigonal,mp-28123
FeSeCl7,0.417714862,triclinic,mp-28189
CSO,0.193322206,trigonal,mp-28240
CsIO3,0.628664909,orthorhombic,mp-28295
GeH3Cl,0.219389479,orthorhombic,mp-28369
CsGeI3,0.673098659,trigonal,mp-28377
S(ClO)2,0.230755076,orthorhombic,mp-28405
KTcCl3,0.505453378,monoclinic,mp-28408
Sr(ClO3)2,2.59217,orthorhombic,mp-28477
Cd(HO)2,1.253031095,monoclinic,mp-28508
Eu4Cl6O,0.170067888,hexagonal,mp-28546
S2O5F2,0.14993,tetragonal,mp-28676
P4N3Cl11,0.24687192,trigonal,mp-28792
Ca2Si5N8,0.357452879,monoclinic,mp-28922
Sn4OF6,0.25664,orthorhombic,mp-28932
Ti(CS)4,0.18164,tetragonal,mp-29091
Sr6C3N5,0.29175075,tetragonal,mp-29136
Co(SiP)3,0.138125227,monoclinic,mp-29187
Sn2ClF3,1.13136,cubic,mp-29252
GaCCl4,0.04772,tetragonal,mp-29362
GaCI4,0.053480113,tetragonal,mp-29403
CsXeF7,0.095493333,cubic,mp-29513
PH2F3,0.353948522,orthorhombic,mp-29515
GaTeI7,0.487755882,monoclinic,mp-29541
TlClO3,0.666329763,trigonal,mp-29738
Ca10P6O25,0.238543855,hexagonal,mp-29760
UCO5,0.517998259,orthorhombic,mp-29761
CsHgCl3,0.211048784,trigonal,mp-29845
IO2F,0.61797,orthorhombic,mp-29946
NOF,0.05463,orthorhombic,mp-29966
Ca2CoO3,0,monoclinic,mp-30240
Na10CaSn12,0.154955824,cubic,mp-30252
TlClO4,0.203556667,cubic,mp-30530
CaSO4,0.02135,hexagonal,mp-3082
Ho3GaO6,0.560859072,orthorhombic,mp-31114
K3FeO2,0.01153,tetragonal,mp-31218
CrOF3,1.975077167,tetragonal,mp-31703
Cs2TiS3,0,orthorhombic,mp-3247
W(ClO)2,5.761037446,orthorhombic,mp-32539
CsNO2,0.057537685,trigonal,mp-3288
Fe5CO8,0.06483,cubic,mp-33300
Pr3NF6,86.09419987,triclinic,mp-33319
Ca(HoS2)2,0.521225496,tetragonal,mp-34011
KY3F10,5.906145476,trigonal,mp-34042
H3ClO,0.417406272,trigonal,mp-34078
C4SnP10,0.787757811,trigonal,mp-34126
Ca(PrS2)2,0.3504,tetragonal,mp-34185
CsTaN2,0.22451,tetragonal,mp-34293
Mn(CCl2)2,1.16023,orthorhombic,mp-34328
H4NCl,0.19516,cubic,mp-34337
Tb2CdS4,2.30213,tetragonal,mp-34376
CaHN,1.232885,tetragonal,mp-34932
Pr5CSe8,0.327126677,tetragonal,mp-35031
NdOF,0.967473333,cubic,mp-35208
Ca4Sb2S,2.22035,tetragonal,mp-35269
LaOF,1.30365,cubic,mp-35555
NaPF3,0.970312599,triclinic,mp-35683
Ca(NdS2)2,0.34908,tetragonal,mp-35876
PrOF,0.979003333,cubic,mp-36033
Ca(SmS2)2,0.36677,tetragonal,mp-36100
TmCSe2,0.462928232,trigonal,mp-36209
Nd5CSe8,0.327223376,tetragonal,mp-36252
Ca(GdS2)2,0.451767836,tetragonal,mp-36358
Ta9(FeS3)2,1.173892707,hexagonal,mp-3652
Cd(Ga3Te5)2,0.145544506,monoclinic,mp-36641
CdGeP2,0.1254,tetragonal,mp-3668
Pr2CdS4,0.97776,tetragonal,mp-36912
NaYF4,0.621230331,hexagonal,mp-37267
SmOF,0.93735,cubic,mp-37381
VC3S4,0.107926667,cubic,mp-3762
Ca3SiO5,1.027161248,hexagonal,mp-37657
Cd(GaSe2)2,0.110636593,tetragonal,mp-3772
Na2SiF6,0.111996961,trigonal,mp-3775
NaClO4,0.17355,tetragonal,mp-38103
Sm2CdSe4,32.50433,tetragonal,mp-38125
Sm5CSe8,0.369493799,tetragonal,mp-38162
YOF,0.89716,cubic,mp-38194
Ca(TbS2)2,0.45161,tetragonal,mp-38327
GaCTe2,0.13482,tetragonal,mp-3839
CsNd5Se8,0.321906157,tetragonal,mp-38442
Sr(ErS2)2,0.76222,tetragonal,mp-38728
Eu(YS2)2,0.553776355,tetragonal,mp-38971
C3PS4,0.786419237,orthorhombic,mp-3934
NbC3Se4,0.033063333,cubic,mp-4043
TaC3Se4,0.063186667,cubic,mp-4081
Ga2CoS4,0.129578653,tetragonal,mp-4152
Ca3Ti2O7,5.881253967,orthorhombic,mp-4163
NaCdF3,0.482775626,trigonal,mp-4360
Cd(GaS2)2,0.173443134,tetragonal,mp-4452
DyNiSb,0.268343333,cubic,mp-4510
CdSiP2,0.155355,tetragonal,mp-4666
Ga2HgSe4,0.146137942,tetragonal,mp-4730
K2UF6,0.406476785,hexagonal,mp-4731
Ga2HgS4,0.241309446,tetragonal,mp-4809
Na2ThF6,0.265340842,trigonal,mp-4829
GaCSe2,0.053326496,tetragonal,mp-4840
SNF,0.04944,tetragonal,mp-4937
Ho2C2O5,0.155931185,orthorhombic,mp-5029
FePO4,0.183208721,monoclinic,mp-504276
K2CdPb,0.11494,orthorhombic,mp-504498
InGaS3,0.036973915,hexagonal,mp-504951
InGaSe3,0.0942294,hexagonal,mp-504952
Pb2CO4,0.1772,orthorhombic,mp-505702
VC3O4,3.611705,tetragonal,mp-510657
FeHO2,1.622646757,orthorhombic,mp-510670
Cd4GeS6,0.325989587,monoclinic,mp-5151
CdSnP2,0.07753,tetragonal,mp-5213
GaCS2,0.0606,tetragonal,mp-5238
Li15Cr2N9,0.12387509,orthorhombic,mp-530262
Li2GeF6,0.151767099,trigonal,mp-5368
FePO4,0.20358,orthorhombic,mp-540111
CPO4,0.560517542,tetragonal,mp-540284
Cs2Hg3I8,0.229068387,monoclinic,mp-540574
FeTeCl7,0.109442701,triclinic,mp-540997
KClO4,0.085203333,cubic,mp-546633
CsClO4,0.052343333,cubic,mp-546711
Rb4CO4,1.260662745,trigonal,mp-550314
KClO3,0.453040668,trigonal,mp-550506
RbClO4,0.033196667,cubic,mp-550759
K3Mn2F7,0,tetragonal,mp-554144
C8GeS6,1.597066076,orthorhombic,mp-5546
OsOF5,0.079929604,orthorhombic,mp-555514
NaClO3,0.05914,cubic,mp-555726
P4PtF12,0.042012835,cubic,mp-555863
CaSO4,0.02239,hexagonal,mp-556372
NbCl3O,0.00874,tetragonal,mp-556422
C2WS4,0.09547,tetragonal,mp-557373
LiFe2F6,0.161355609,tetragonal,mp-557403
Cd(PO3)2,0.11583,orthorhombic,mp-557614
TeOF2,1.217635664,monoclinic,mp-558387
Cs3Li2F5,1.67427177,orthorhombic,mp-558728
OsOF4,0.04694,orthorhombic,mp-558879
IOF3,0.27129,orthorhombic,mp-559377
ErCS2,0.21865,orthorhombic,mp-559826
PNF2,0.5666,orthorhombic,mp-560008
Cs2Li3F5,0.134656797,orthorhombic,mp-560088
SbCl3F2,0.079478527,tetragonal,mp-560748
Ga(IO3)3,1.449313576,hexagonal,mp-561104
CsSO3,0.49603861,hexagonal,mp-561681
Cs3TaO8,0.22031,tetragonal,mp-561942
NbC3S4,0.003446667,cubic,mp-5621
VCO3,1.126098896,triclinic,mp-562987
CsSbCl6,0,monoclinic,mp-567583
VFeSb,3.681806667,cubic,mp-567636
CdSO4,1.460852039,orthorhombic,mp-5679
Cd(InSe2)2,0.17379,tetragonal,mp-568032
ReNCl4,0.444048192,tetragonal,mp-568100
C2HgI4,0.15846,tetragonal,mp-568598
Cd(InSe2)2,0.15926,tetragonal,mp-568661
CsLi2I3,0.113405786,tetragonal,mp-569055
CsSiTe3,0.187142052,monoclinic,mp-570957
Rb2CoCl4,0.697067719,orthorhombic,mp-571242
TiCoSb,1.127926667,cubic,mp-5967
Cs3LiCl4,0.337267045,orthorhombic,mp-606711
Cs2Li3I5,0.504427675,monoclinic,mp-608311
Cs2TeO3,0.805724098,trigonal,mp-614803
Rb2ZnCl4,0.141736675,orthorhombic,mp-616185
Cs2V5O13,0.261261687,tetragonal,mp-616573
K2ZnCl4,0.268912105,orthorhombic,mp-618177
Cd(HO)2,0.716340724,triclinic,mp-625094
CsHO,0.61066,orthorhombic,mp-625136
H7ClO3,0.209294655,monoclinic,mp-625151
H7ClO3,2.686375682,triclinic,mp-625171
H3ClO5,0.726124565,orthorhombic,mp-625175
Cd(HO)2,1.037649004,monoclinic,mp-625565
Co(HO)2,0.814254712,monoclinic,mp-625939
Co(HO)2,1.482195788,trigonal,mp-625943
FeHO2,0.887,orthorhombic,mp-626088
H5ClO6,0.03191,orthorhombic,mp-626201
CsH3O2,0.682090073,orthorhombic,mp-626417
Ca(HO)2,1.321289979,monoclinic,mp-626644
Fe(HO)2,0.930794515,monoclinic,mp-626689
NaHF2,1.45239242,monoclinic,mp-632282
Ca2PI,0.722866386,triclinic,mp-635393
Er(CTe)3,0.057820905,orthorhombic,mp-640885
Tm(CTe)3,0.061622439,orthorhombic,mp-640889
CsHO,3.7313,orthorhombic,mp-642682
CsGeI3,1.734427001,monoclinic,mp-642690
K3ClO,1.445795767,orthorhombic,mp-673798
CsPbCl3,0.336436325,trigonal,mp-675022
Ca5NbN5,0.695577715,monoclinic,mp-675101
Y5O4F7,1.598042075,monoclinic,mp-675109
ErCSe2,0.473289273,trigonal,mp-675180
DyCSe2,0.514238833,trigonal,mp-675349
NaY2F7,0,monoclinic,mp-675778
KNbCl6,0.480953206,monoclinic,mp-675801
YCSe2,0.474141812,trigonal,mp-675902
Li3ErCl6,0.27997701,trigonal,mp-676361
Ca(InTe2)2,0.0372,tetragonal,mp-677072
RbHF2,0.161119258,orthorhombic,mp-677103
CdGeO3,75.01858211,orthorhombic,mp-685935
ScCS2,0.682166471,trigonal,mp-6980
Er3GaS6,0.31627901,orthorhombic,mp-7290
NbO2F,4.405446754,orthorhombic,mp-752415
Mn6O5F7,1.111044199,triclinic,mp-752461
NbO2F,5.336940859,monoclinic,mp-752467
Li7FeO6,0.633027585,trigonal,mp-752471
SbO2F,0.837965405,monoclinic,mp-752561
LiVF3,1.45552578,trigonal,mp-752764
Li3CF4,1.34354884,orthorhombic,mp-752895
WOF4,2.896530435,tetragonal,mp-752955
VO2F,1.641256402,monoclinic,mp-752960
LiMnF4,0.307503183,monoclinic,mp-752973
VOF2,4.913221618,orthorhombic,mp-752974
FeOF,1.0974151,orthorhombic,mp-752975
Li4CoO4,0.14776,tetragonal,mp-753010
VOF3,0.28764,orthorhombic,mp-753030
Li5Cr2O8,0.368020085,triclinic,mp-753141
VOF,0.12411,orthorhombic,mp-753200
VO2F,3.424903921,monoclinic,mp-753203
LiVF6,0.949897328,trigonal,mp-753212
Fe4O3F5,0.492035093,orthorhombic,mp-753217
LiCrO2,1.434160224,hexagonal,mp-753227
Li5(CoO3)2,0.412801328,triclinic,mp-753251
Fe4O3F5,0.707077814,orthorhombic,mp-753256
Li4VF8,2.194037952,monoclinic,mp-753340
WOF3,0.15513,orthorhombic,mp-753398
TaCrO4,0.515555,tetragonal,mp-753467
LiCoO2,0.638095013,hexagonal,mp-753473
VOF3,1.338051016,tetragonal,mp-753525
Li3VF8,0.33711,orthorhombic,mp-753533
SbOF,1.190693802,orthorhombic,mp-753539
LiVF6,0.47917056,monoclinic,mp-753567
PCl3O,0.223508923,orthorhombic,mp-753611
LiVF6,3.842910782,monoclinic,mp-753694
FePO4,0.137953657,orthorhombic,mp-753756
NbOF3,0,tetragonal,mp-753785
Ca(ClO3)2,0.45845,orthorhombic,mp-753813
LiCO2,1.390841841,triclinic,mp-753845
LiCoS2,0,trigonal,mp-753946
Mn4OF8,0.337844611,monoclinic,mp-754014
CsClO3,0.161208522,orthorhombic,mp-754202
Mn4OF6,0.512482606,hexagonal,mp-754215
NbFeO4,0.151875,tetragonal,mp-754222
Li5CrO5,1.426481526,monoclinic,mp-754233
Cr4OF11,0.085557222,monoclinic,mp-754243
Li5CoO4,0.178502804,orthorhombic,mp-754280
FeOF,0.672936705,trigonal,mp-754389
V4O3F5,6.42732,orthorhombic,mp-754530
VOF,0.114615,tetragonal,mp-754589
Sr3CaI8,0.075068948,monoclinic,mp-754610
LiMnF3,0.03277,hexagonal,mp-754676
NClO3,0.04284,orthorhombic,mp-754712
NaCO2,0.864780047,orthorhombic,mp-754718
Na2FeO2,0.538352642,orthorhombic,mp-754743
FeOF,0.847014607,monoclinic,mp-754764
Li5(FeO2)4,0.639561964,trigonal,mp-754802
NbCrO4,3.535535,tetragonal,mp-754908
Li2CrO2,1.236634449,orthorhombic,mp-754913
VOF3,1.630635399,monoclinic,mp-754919
LiFeO2,1.292885424,hexagonal,mp-754977
Cr4OF11,0.149364395,monoclinic,mp-755067
Mn6O7F5,2.218760562,triclinic,mp-755080
Fe6O5F7,0.349151381,orthorhombic,mp-755097
LiVF4,0.120715431,tetragonal,mp-755244
FeHO2,1.168199427,trigonal,mp-755285
Ce2Dy2O7,0.622085,tetragonal,mp-755380
NbFeO4,2.72834,tetragonal,mp-755390
CrSbO4,0.45871,tetragonal,mp-755493
Li2MnF4,0.413369871,monoclinic,mp-755582
Na2FeO3,1.052900753,orthorhombic,mp-755627
LiFeF4,1.386488012,trigonal,mp-755693
Li2FeF4,0.476560185,tetragonal,mp-755718
Na3CoO3,1.937266667,cubic,mp-755811
Er3TaO7,0.27207,orthorhombic,mp-755898
Ca4I6O,0.223105013,hexagonal,mp-755949
Li2CrO3,1.654358212,orthorhombic,mp-756005
VO2F,5.83761,orthorhombic,mp-756042
TaCrO4,0,orthorhombic,mp-756340
Sr2CaI6,0,monoclinic,mp-756500
Li(CoO2)2,0.356018418,trigonal,mp-756773
LiFeF4,0,orthorhombic,mp-756849
Li2CrO4,0.416288729,triclinic,mp-756873
Li4MnF8,0.419820246,monoclinic,mp-756952
Li2CrO4,0.71060534,orthorhombic,mp-756967
LiVF6,0.248222307,trigonal,mp-757163
LiMn2F6,0.45416057,trigonal,mp-757174
Li7Cr2O8,1.670794101,triclinic,mp-757971
Hg3(SF)2,0.387315834,cubic,mp-7580
Fe2OF3,0.764449929,orthorhombic,mp-758397
FeOF,1.187726032,orthorhombic,mp-758560
Li2MnF4,0.544,tetragonal,mp-758876
Li3CF6,0.1958,orthorhombic,mp-759234
FeOF,0.958746397,monoclinic,mp-759283
Li3VF7,0.368837287,trigonal,mp-759421
VO2F,4.376853531,monoclinic,mp-759469
Cr(PO3)3,0.09037,orthorhombic,mp-759495
MnOF,0.001625,tetragonal,mp-759601
Li3MnF7,0.356355906,trigonal,mp-759724
W(OF)2,5.82821267,orthorhombic,mp-759764
Li4CF7,0.37718,cubic,mp-759877
VOF3,1.487185769,monoclinic,mp-760313
FePO4,0.400522712,tetragonal,mp-760343
VOF3,2.886702827,monoclinic,mp-760367
CsClO3,0.374578527,trigonal,mp-760386
NbOF3,0.41778,orthorhombic,mp-760762
Rb2CoO3,1.48617,orthorhombic,mp-761568
FeOF,0.064988533,orthorhombic,mp-762996
Mn2OF3,0.726157048,orthorhombic,mp-763007
Li2MnF4,0.526922784,tetragonal,mp-763098
LiMn2F6,0.571136745,monoclinic,mp-763784
Cr4OF11,0.133272348,triclinic,mp-763985
Na2FeO3,0.805898982,monoclinic,mp-764074
LiMnF5,0.340825145,tetragonal,mp-764354
V2OF7,2.037679327,monoclinic,mp-765500
V3(O2F)2,1.149799907,triclinic,mp-765508
Mn6O7F5,0.36592424,triclinic,mp-765618
NbO2F,0.56239,orthorhombic,mp-766094
FePO4,0.17048,orthorhombic,mp-766442
FePO4,0.16982,orthorhombic,mp-766460
Cs2CeO3,1.07339171,orthorhombic,mp-768223
RbFeO2,0.03027,tetragonal,mp-768729
Li2CrO3,2.566530257,monoclinic,mp-770192
Li3CrO4,1.221519667,orthorhombic,mp-770632
Dy2P4O13,0.0282,orthorhombic,mp-771147
SrCa2I6,0.04804,orthorhombic,mp-771568
CdSeO4,1.454782163,orthorhombic,mp-772052
Li3CrO4,0.34857,tetragonal,mp-772659
Ca2C2O5,0.309278417,orthorhombic,mp-772813
LiCO2,1.498886237,monoclinic,mp-773044
Li2FeO3,0.464365905,monoclinic,mp-774155
Fe3OF7,0.391217382,trigonal,mp-774191
Na6CoO4,5.38655,cubic,mp-774357
Li2Mn3F8,1.13E-21,cubic,mp-774361
Er2TeO6,0.36028,orthorhombic,mp-774557
Li2FeF5,1.31172,orthorhombic,mp-775758
Li2VF4,0.03449,tetragonal,mp-775776
Li3FeF6,0.236202795,orthorhombic,mp-776684
Li2FeF5,0,orthorhombic,mp-776816
Li2FeF4,0,monoclinic,mp-777418
DyHO2,1.124530518,orthorhombic,mp-777422
LiFeF4,0.635868581,trigonal,mp-777553
Li2MnF4,0.0417,tetragonal,mp-777589
LiFeF4,0,monoclinic,mp-777801
LiMnF3,0.270798767,orthorhombic,mp-777972
VOF2,1.831801706,monoclinic,mp-777999
Li2MnF4,0.160855242,monoclinic,mp-778554
LiMnF3,0.423772412,orthorhombic,mp-778819
Li2MnF5,0.149130239,orthorhombic,mp-779165
CaGeN2,3.1256,tetragonal,mp-7801
Mn6O5F7,0.903205243,triclinic,mp-780702
VOF3,1.478993578,monoclinic,mp-781081
K2HfF6,0.345188323,hexagonal,mp-8415
Li3FeO4,0.012396667,cubic,mp-849528
CoPO4,0.652782258,monoclinic,mp-849770
Fe4O5F3,1.056212294,orthorhombic,mp-850878
Li3CrO4,2.801327672,orthorhombic,mp-850964
S(OF)2,0.0266,tetragonal,mp-8537
Ca4SnS6,1.141586729,monoclinic,mp-866473
Ca2SnS4,0.209819801,hexagonal,mp-866580
K3TaF8,0.37978786,hexagonal,mp-866663
Ca2SnS4,0.802093753,orthorhombic,mp-866810
Ca2SnS4,0.330798497,tetragonal,mp-866922
Ca2SnS4,0.01722,tetragonal,mp-866943
LiCS,3.316929386,orthorhombic,mp-867689
C2WS4,0.06211,tetragonal,mp-8976
Fe(SiP)4,0.180141898,triclinic,mp-9198
C2SiS3,0.22701,orthorhombic,mp-9248
TaC3Te4,0.06476,cubic,mp-9295
NbFeSb,2.318406667,cubic,mp-9437
TiFeTe,1.729360041,cubic,mp-961673
ZnCdS2,0.146455957,tetragonal,mp-971712
Ca7(H6Cl)2,0.242210122,hexagonal,mp-984055
VC3Te4,0.207283333,cubic,mp-991652
NbC3Te4,0.05857,cubic,mp-991676
CHO2,1.749518617,orthorhombic,mp-996956
RbSnF3,3.512726518,triclinic,mp-998193
CsSnF3,1.685258878,triclinic,mp-998298
InSnCl3,1.855996637,monoclinic,mp-998560
CsSrCl3,0.477356472,trigonal,mp-998561
InGeCl3,0.102771228,trigonal,mp-998569
LiSnCl3,1.653692596,trigonal,mp-998591
KGeCl3,0.365306344,trigonal,mp-998613
CaTlF3,2.168500456,trigonal,mp-998615
TlGeF3,1.157018128,triclinic,mp-998712
Ca5(CrN3)2,0.968516362,monoclinic,mvc-11129
MgNiF4,0,tetragonal,mvc-14232
CaSnF4,0,tetragonal,mvc-16450
MgCF4,0,tetragonal,mvc-3102
CrPO5,2.376055749,monoclinic,mvc-3271
MgFeF4,0.940844669,monoclinic,mvc-3677
ZnCr2O7,0.59010467,monoclinic,mvc-7383
Ca2Sn3O8,0.886406121,hexagonal,mvc-7761
ZrZnN2,3.438908847,trigonal,mp-1014244
HfZnN2,2.940362946,trigonal,mp-1014251
KZnSb,0.306651002,hexagonal,mp-10161
TiZnN2,1.071152977,orthorhombic,mp-1016108
LiZnP,0.69049,cubic,mp-10182
Th2HN3,4.959721236,trigonal,mp-1019323
LuSbPt,0.475686667,cubic,mp-10194
La3Si6N11,1.664841371,tetragonal,mp-1019893
LaSi3N5,0.57178,orthorhombic,mp-1019967
LiGe2N3,0.526996413,orthorhombic,mp-1020059
ZnSiN2,1.844707778,orthorhombic,mp-1020712
Te4MoW,0.076286074,trigonal,mp-1023941
MoWS4,0.069292515,trigonal,mp-1023954
VZn2N3,1.694972386,orthorhombic,mp-1029262
Mg2ZnN2,2.067026667,cubic,mp-1029265
Mg2MnN3,3.300095391,orthorhombic,mp-1029288
LiSn2N3,0.993957537,orthorhombic,mp-1029294
RbVN2,1.44601,tetragonal,mp-1029312
NaRuN,1.693959278,hexagonal,mp-1029313
Zn2SbN3,0.744574953,orthorhombic,mp-1029334
Mg2VN3,1.949639547,orthorhombic,mp-1029368
Mg2SbN3,1.416298323,orthorhombic,mp-1029378
TaZn2N3,0.689623307,orthorhombic,mp-1029387
RbGe2N3,0.496730536,orthorhombic,mp-1029403
KGe2N3,0.36663,orthorhombic,mp-1029404
Mg2NbN3,1.573343343,orthorhombic,mp-1029408
KSi2N3,0.209373477,orthorhombic,mp-1029418
NbZn2N3,0.687162714,orthorhombic,mp-1029422
Mg2TaN3,1.558971927,orthorhombic,mp-1029442
ZnSnN2,1.069568032,orthorhombic,mp-1029469
Li7SbN4,0.269953333,cubic,mp-1029522
Na3W2N5,5.934497617,tetragonal,mp-1029565
KSi5N7,0.378350546,orthorhombic,mp-1029584
Y3Si6N11,1.490566492,tetragonal,mp-1029652
MgSnN2,1.530601283,orthorhombic,mp-1029791
Na3Mo2N5,2.343640822,tetragonal,mp-1029845
Rb3W2N5,0.234565889,tetragonal,mp-1029857
LiVN2,1.261683202,orthorhombic,mp-1029932
K3W2N5,0.523363024,tetragonal,mp-1029938
Mg3WN4,1.346394554,trigonal,mp-1030015
Na4ReN3,0.983861976,monoclinic,mp-10419
NaPN2,1.41069,tetragonal,mp-10572
SrLiP,0.877187207,hexagonal,mp-10614
HgSeO4,0.873265692,orthorhombic,mp-10796
NaGaTe2,0.674139429,tetragonal,mp-1094098
Li2SnSe3,0.603957048,monoclinic,mp-1095291
Sn(HgSe2)2,0.240311936,tetragonal,mp-10955
SbIrSe,0.15924,cubic,mp-1095507
Zr3N2O3,0.510720292,monoclinic,mp-1101160
GePtS,1.176427496,orthorhombic,mp-1101755
SbTeIr,0.11508,cubic,mp-1102430
Zn2PN3,1.939459875,orthorhombic,mp-1102523
Na(GeP)3,0.57867434,orthorhombic,mp-1104707
LiGaSi,0.11013,cubic,mp-11390
K3VSe4,0.57842,tetragonal,mp-1147776
LiGaSe2,0.137262101,orthorhombic,mp-11582
Na3PO4,0.952488214,orthorhombic,mp-1173671
Nd3GaO6,0.425584473,orthorhombic,mp-11773
HfSnPd,0.067486667,cubic,mp-11869
Y3GaS6,0.21599,orthorhombic,mp-1189598
Li8TeN2,0.399625,tetragonal,mp-1190809
Rb6HgS4,0.265070998,hexagonal,mp-1190842
K3SbS3,0.10076,cubic,mp-1194266
TiI2O7,1.914518415,orthorhombic,mp-1205304
LiMgSb,0.22596,cubic,mp-1207082
Sr3SbI3,0,cubic,mp-1208807
NaNbS6,0.271324251,monoclinic,mp-1210002
Hf3Ni3Sb4,0.66505,cubic,mp-1212441
K6MgO4,0.137627591,hexagonal,mp-12171
Re2MoSe4,0.079296132,triclinic,mp-1219132
PIrS,0.09836,cubic,mp-1220004
MnZn4Se5,0.965308418,monoclinic,mp-1221515
Mn(InTe2)2,0.557330607,tetragonal,mp-1221979
Mg(InTe2)2,0.548313028,tetragonal,mp-1222182
Li2ZnGe,1.24871,cubic,mp-12411
NaSnN,0.526540161,hexagonal,mp-12433
Mg3MoN4,2.352154731,orthorhombic,mp-1245510
Zn3WN4,2.219801313,orthorhombic,mp-1245967
Zn3MoN4,2.339153767,orthorhombic,mp-1246430
MgV2O4,0.230882095,trigonal,mp-1284706
SrHfO3,8.735864163,tetragonal,mp-13108
ZrGeTe4,0.566588015,orthorhombic,mp-13542
Y2Ge2O7,0.098945,tetragonal,mp-13546
Li3PO4,0.659700384,orthorhombic,mp-13725
Li2TeO4,0.071555,tetragonal,mp-13843
K3NbO8,1.80613,tetragonal,mp-14175
NaGe2N3,0.548641625,orthorhombic,mp-14433
Hf(PS3)2,0.156230462,orthorhombic,mp-14444
LaTa7O19,0.108417146,hexagonal,mp-14485
Tb2Ge2O7,0.063835,tetragonal,mp-14649
Tm2Ge2O7,0.10524,tetragonal,mp-14708
Na6MnSe4,0.369387576,hexagonal,mp-14780
Sr(PIr)2,1.551143272,trigonal,mp-15074
Li2GeO3,1.039842812,orthorhombic,mp-15349
MgSiN2,1.14581,tetragonal,mp-15701
Zn(GaSe2)2,0.054523113,tetragonal,mp-15776
Zn(GaTe2)2,0.062130518,tetragonal,mp-15777
HoSbPt,0.34505,cubic,mp-16376
K2V3O8,0.860525238,tetragonal,mp-16787
Na3WN3,0.473076775,monoclinic,mp-16839
Sm3Si6N11,1.478314657,tetragonal,mp-16995
K3SbO3,0.10882,cubic,mp-17250
La2TeO6,0.30244,orthorhombic,mp-17350
KGaS2,0,monoclinic,mp-17650
YGaO3,0.112166187,hexagonal,mp-17853
K6MnS4,0.322109185,hexagonal,mp-18244
K6MnTe4,0.227212942,hexagonal,mp-18246
Lu2Si2O7,0.09045,tetragonal,mp-18385
K6MnSe4,0.322388417,hexagonal,mp-18481
KPSe6,0.200803505,orthorhombic,mp-18625
Tl2MoO4,0.594203493,monoclinic,mp-18938
K3VO4,0.48354,tetragonal,mp-19052
HoMnO3,0.030515004,hexagonal,mp-19056
K3MnO4,0.90686,tetragonal,mp-19140
Li3VO4,1.458806307,orthorhombic,mp-19219
TiMnO3,3.810594511,trigonal,mp-19376
LiVO3,0,monoclinic,mp-19440
In2HgTe4,0.153963584,tetragonal,mp-19765
Mn(GaS2)2,0.164439007,tetragonal,mp-20025
LiInSe2,0.09831,tetragonal,mp-20187
Mn(GaSe2)2,0.097238172,tetragonal,mp-20261
LiInSe2,0.225639871,orthorhombic,mp-20310
Ga2PbO4,1.073001449,orthorhombic,mp-20496
K2Pb2O3,0.067866667,cubic,mp-20694
In2HgSe4,0.206869494,tetragonal,mp-20731
LiInTe2,0.02587,tetragonal,mp-20782
InPS4,0.274444178,tetragonal,mp-20790
GePtSe,0.417009325,orthorhombic,mp-20817
Zn(InTe2)2,0.103175667,tetragonal,mp-20832
Mn(PbO2)2,0.15943,tetragonal,mp-21823
Zn(InS2)2,1.19454194,trigonal,mp-22253
Sr2In2O5,1.040191842,orthorhombic,mp-22512
Mn(SbO3)2,0.115338811,trigonal,mp-22576
Zn(InSe2)2,0.144913293,tetragonal,mp-22607
K2PbO3,0.626280674,orthorhombic,mp-22756
LiIO3,1.35580878,hexagonal,mp-22955
TlIO3,1.624482188,trigonal,mp-22981
LiIO3,0.710548566,orthorhombic,mp-22994
In(IO3)3,1.000795048,hexagonal,mp-23400
LiH2N,0.276679031,tetragonal,mp-23702
LiMgH3,0.414314843,trigonal,mp-23736
H2SeO4,0.03937,orthorhombic,mp-23866
HIO3,0.48633,orthorhombic,mp-23963
HoHSe,0.493129196,hexagonal,mp-24012
H10SO8,0.096375,tetragonal,mp-24118
LiNiO2,1.865532397,orthorhombic,mp-25316
LiMnO2,0.823700798,monoclinic,mp-25542
LiNiO2,1.226507219,monoclinic,mp-25587
Mo(PO4)2,0.02227,orthorhombic,mp-26600
MnPO4,0.459551399,monoclinic,mp-26940
MnP2O7,0.334541997,monoclinic,mp-26982
MnP2O7,1.283465943,monoclinic,mp-27032
Hg2P2S7,0.64756889,monoclinic,mp-27171
RbIO3,1.075270872,trigonal,mp-27193
Ga2TeS2,0.165996678,tetragonal,mp-27255
Li7SbO6,0.668615541,trigonal,mp-27453
Na4P2O7,0.09464,orthorhombic,mp-27579
Na6PbO4,0.651455246,cubic,mp-27623
K3V5O14,1.006063186,trigonal,mp-27704
Zn2Ge3O8,8.47E-22,cubic,mp-27843
Zr3GeO8,2.518875,tetragonal,mp-27888
Si2H6O,0.02398,orthorhombic,mp-27949
H2SeO3,0.05544,orthorhombic,mp-27996
K2SnTe5,0,tetragonal,mp-28080
Si2H2S3,0.04388,tetragonal,mp-28090
LiGa5O8,2.82E-22,cubic,mp-28146
Na3ReO5,0.360845841,trigonal,mp-28205
Na5MnO4,0.409035177,orthorhombic,mp-28262
RbH3O2,0.52601,orthorhombic,mp-28264
Ga2TeSe2,0.137069268,tetragonal,mp-28423
H2Pb3O4,0.2265,tetragonal,mp-28475
Li8GeO6,0.184369803,hexagonal,mp-28548
K(SnSe2)2,0.286975472,monoclinic,mp-28769
YHSe,0.46409539,hexagonal,mp-28797
Li7TaO6,0.818451427,trigonal,mp-28891
Ta3TeI7,0.208163547,hexagonal,mp-29117
LaTlO3,1.549473018,hexagonal,mp-29257
Si2H6Se,0.01031,tetragonal,mp-29310
HS8N,0.041459471,orthorhombic,mp-29491
Hg2TeO3,0.699949794,orthorhombic,mp-29510
MgSiP2,0.33787,tetragonal,mp-2961
NaNO2,0.16159,orthorhombic,mp-2964
Nb3TeI7,0.22864492,hexagonal,mp-29689
ZnGeN2,0.59404387,orthorhombic,mp-2979
K2ReH9,0.248123761,hexagonal,mp-29877
Sr4I6O,0.118746363,hexagonal,mp-29910
K2ReI6,0,monoclinic,mp-30216
Sr2GeSe4,0.447413768,orthorhombic,mp-30293
Tl2ZnI4,0.590053509,monoclinic,mp-30532
La(NO2)3,0.205419793,trigonal,mp-30925
Ga3PO7,1.029136611,trigonal,mp-3107
Sm3GaO6,0.445206067,orthorhombic,mp-31110
Li3NbO4,0.04089,cubic,mp-31488
Hg2GeSe4,0.245716183,tetragonal,mp-3167
HgSO4,0.340782098,orthorhombic,mp-3228
NaGaO2,1.469616299,orthorhombic,mp-3338
TaGaO4,0.621385302,orthorhombic,mp-33508
Sr(LaSe2)2,0.166871076,tetragonal,mp-33569
Sr(GaTe2)2,0.08793,tetragonal,mp-33880
NbHO3,2.752536917,triclinic,mp-33932
Tm2MgS4,0.650495,tetragonal,mp-34116
Zn(InSe2)2,0.15907,tetragonal,mp-34169
Li7OsO6,0.514289449,triclinic,mp-34375
HoTaO4,0,tetragonal,mp-34380
H4IN,0.343785383,orthorhombic,mp-34381
Li2HN,0.516752078,orthorhombic,mp-34465
Zn(GaS2)2,0.080045,tetragonal,mp-34467
KNO2,0.166386443,monoclinic,mp-34857
KSnSb,0.405892566,hexagonal,mp-3486
MgGeP2,0.20245,tetragonal,mp-34903
Sr2H5Rh,0.41242806,tetragonal,mp-35152
PHN2,0.43024,orthorhombic,mp-35220
LiPN2,0.88534,tetragonal,mp-3524
Zn2GeSe4,0.06963,tetragonal,mp-35539
Li2HN,1.167302743,trigonal,mp-35695
Mg(InTe2)2,0.18586,tetragonal,mp-35777
Li4SiO4,0.826902622,triclinic,mp-35822
La5TlTe8,0.210282934,tetragonal,mp-35907
SiPN3,0.402389333,monoclinic,mp-36053
MnSiN2,1.015984337,orthorhombic,mp-3606
PNO,0.588430509,monoclinic,mp-36066
LiMgP,0.169446667,cubic,mp-36111
LiGaS2,0.265807679,orthorhombic,mp-3647
NaHS,0.397523456,trigonal,mp-36582
LiTaO3,4.395901014,trigonal,mp-3666
MgSiN2,1.611876063,orthorhombic,mp-3677
Sr(GdS2)2,0.543053742,tetragonal,mp-37183
Li5GaO4,0.018215,tetragonal,mp-37207
LiNbO3,5.159371527,trigonal,mp-3731
Li7NbO6,0.752098463,trigonal,mp-37399
Na4S2O5,4.344908593,triclinic,mp-37430
Li7SbO6,0.383256595,triclinic,mp-37436
La5TlSe8,0.296807797,tetragonal,mp-37829
Li7RuO6,0.615063539,triclinic,mp-37839
LiMgN,0.40982,cubic,mp-37906
KHS,0.16088615,trigonal,mp-38011
Mg(IO3)2,1.174947055,monoclinic,mp-38322
PNO,0.326155822,trigonal,mp-38975
Mg2PN3,2.710455144,orthorhombic,mp-3933
LaTaO4,2.333631008,orthorhombic,mp-3998
Li2Si2O5,1.113020463,orthorhombic,mp-4117
GaPO4,0.267090576,trigonal,mp-4122
HoNiSb,0.233743333,cubic,mp-4174
Ge2N2O,0.67118,orthorhombic,mp-4187
Na3PO4,0.45974,tetragonal,mp-4223
KNbO3,3.261983386,tetragonal,mp-4342
La4Se3O4,1.09605,orthorhombic,mp-4412
TlNO2,0.335968539,trigonal,mp-4453
Si2N2O,0.39372,orthorhombic,mp-4497
NaNbO3,5.784998628,trigonal,mp-4514
ZnGeP2,0.12876,tetragonal,mp-4524
Na2SiO3,0.580739503,orthorhombic,mp-4533
NaNbO3,4.50082,orthorhombic,mp-4681
K3TaO8,1.42177,tetragonal,mp-4690
Li2SiO3,1.229796554,orthorhombic,mp-5012
Mn(PO3)3,0.387995368,monoclinic,mp-504351
H7NO6,0.04458,orthorhombic,mp-504422
InHO2,1.178262083,orthorhombic,mp-504535
YInO3,0.036110004,hexagonal,mp-504607
LiGaTe2,0.0287,tetragonal,mp-5048
In2TeO6,0.234710151,trigonal,mp-504908
NaH9O5,0.01802,orthorhombic,mp-505077
K3NiO2,0.139,tetragonal,mp-505153
Na6MnS4,0.25425064,hexagonal,mp-5055
RbNO3,0.14537269,trigonal,mp-5073
K6HgS4,0.434986468,hexagonal,mp-5114
KNbO3,3.969048168,orthorhombic,mp-5246
Zn(GaS2)2,0.101481622,tetragonal,mp-5350
MnPO4,0.339257957,orthorhombic,mp-540118
Na3MoN3,0.644115217,monoclinic,mp-541291
KSO3,0.063985172,trigonal,mp-541581
Zn(InS2)2,1.224451164,trigonal,mp-541937
GaN5O14,0.274529489,monoclinic,mp-541950
La2MoO6,1.02136,tetragonal,mp-546007
NbI3O,2.136640415,monoclinic,mp-546285
KNO2,0.297538123,monoclinic,mp-546787
V2MoO8,1.953223642,orthorhombic,mp-546989
NbI2O,3.921081422,monoclinic,mp-549720
Li7MnN4,0.015036667,cubic,mp-5515
KIO3,1.499211471,trigonal,mp-552729
GaPO4,2.59197,orthorhombic,mp-553932
Na2Si2O5,0.066768077,orthorhombic,mp-554383
Li5ReO6,0.0156488,trigonal,mp-554540
Y3GaO6,0.519034321,orthorhombic,mp-554722
SrGeO3,0.207383821,hexagonal,mp-555731
Hg2SeO3,0.221209996,orthorhombic,mp-555918
GaN5O14,0.16093963,tetragonal,mp-557954
K3VO4,0.03435,cubic,mp-560869
GePb3O5,1.363083715,orthorhombic,mp-562283
Na6PbO5,3.676036093,tetragonal,mp-563025
Sr(Si3N4)2,1.336148712,orthorhombic,mp-567278
Ga(MoSe2)4,0.046099166,trigonal,mp-567394
Nb3TeI7,0.239368785,trigonal,mp-567713
HfGeTe4,0.558729377,orthorhombic,mp-567817
NaLi5N2,0.775338168,monoclinic,mp-569525
SrSi7N10,2.154867313,monoclinic,mp-570598
KPSe3,0.233623258,trigonal,mp-571452
Na2GeO3,0.955230831,orthorhombic,mp-5784
LiSi2N3,0.913963112,orthorhombic,mp-5853
LiGaO2,0.992442271,orthorhombic,mp-5854
NaHO,1.456907279,trigonal,mp-625051
H8PtO6,0.50208291,monoclinic,mp-625111
H8PtO6,8.753334657,triclinic,mp-625112
H8PtO6,1.023080496,triclinic,mp-625113
Re2H4O9,0.507288293,monoclinic,mp-625142
ScHO2,0.755898534,orthorhombic,mp-625150
ScHO2,2.472661003,triclinic,mp-625199
P(HO)3,0.502770409,orthorhombic,mp-625207
LiH3O2,0,triclinic,mp-625211
P(HO)3,0.21032,orthorhombic,mp-625231
Re2H4O9,1.773219939,monoclinic,mp-625238
P(HO)3,2.710366196,monoclinic,mp-625254
NdHO2,0.685209122,monoclinic,mp-625359
LuHO2,0.696355329,monoclinic,mp-625367
NaH9O5,0.084430509,monoclinic,mp-625378
NaH9O5,1.051182724,triclinic,mp-625455
H2SO4,0.835356129,monoclinic,mp-625475
Zn(HO)2,2.198541594,monoclinic,mp-625488
NaH9O5,0.236922656,triclinic,mp-625501
Mo(HO2)2,0.050283905,triclinic,mp-625576
Mn(HO)2,1.188355958,triclinic,mp-625671
H4N2O3,0.170498632,orthorhombic,mp-625686
H8N2O,0.55372125,monoclinic,mp-625819
Zn(HO)2,0.05934,orthorhombic,mp-625826
Zn(HO)2,0.21613,orthorhombic,mp-625830
Zn(HO)2,0.213237161,monoclinic,mp-625857
H5NO,0.11482,orthorhombic,mp-625924
H5NO,0.03322,orthorhombic,mp-625927
Te(HO)6,0.254685376,triclinic,mp-625993
NaHO,2.483503841,monoclinic,mp-625996
LiHO,0.85540973,orthorhombic,mp-625998
NaHO,1.051432125,monoclinic,mp-626000
Te(HO)6,0.263113663,triclinic,mp-626012
Si2H2O5,0.443994697,monoclinic,mp-626037
H7NO6,0.09067,orthorhombic,mp-626046
H7NO6,0.11517,orthorhombic,mp-626066
MnHO2,0.638497059,orthorhombic,mp-626068
Mg(HO)2,1.075042025,monoclinic,mp-626143
Mg(HO)2,0.48425245,trigonal,mp-626149
NaH9O5,0.456425343,triclinic,mp-626165
H4SO5,0.460414045,triclinic,mp-626229
H3NO4,0.042990377,orthorhombic,mp-626256
H3NO4,0.551445011,orthorhombic,mp-626259
H4SO5,0.042688855,monoclinic,mp-626448
NaHO,4.554694872,monoclinic,mp-626506
H3NO,0.538468942,monoclinic,mp-626534
H3NO,1.368586105,triclinic,mp-626543
NaH9O5,0.700520594,triclinic,mp-626554
Ti3H2O7,0.860354111,triclinic,mp-626566
RbHO,0.45414,orthorhombic,mp-626620
Mn(HO)2,1.409460021,monoclinic,mp-626701
KHO,0.274104811,monoclinic,mp-626716
RbHO,0.189427859,monoclinic,mp-626721
SrH4O3,0.288254014,monoclinic,mp-626727
SrH4O3,0.717409486,triclinic,mp-626750
SrH4O3,1.240466678,triclinic,mp-626755
KHO,0.3744,orthorhombic,mp-626785
ReH3O5,0.170365752,triclinic,mp-626799
ReH3O5,0.48460353,triclinic,mp-626800
H8PtO6,0.533579242,triclinic,mp-626835
Ni(HO)2,0.100053138,monoclinic,mp-626843
MgSiO3,0.237102063,orthorhombic,mp-642210
SrMgH4,0.767951502,orthorhombic,mp-643009
LiHS,0.39408,orthorhombic,mp-644271
LiHS,0.30175,orthorhombic,mp-644419
VMoO5,2.312964171,monoclinic,mp-674948
Li4MoO5,2.277704857,tetragonal,mp-675020
In4SnS8,0.345804225,trigonal,mp-675124
Li6I3N,0.747343903,monoclinic,mp-675488
Mn(InTe2)2,0.16314,tetragonal,mp-675577
KNO3,0.165628161,triclinic,mp-675625
Zn2GeS4,0.15075,tetragonal,mp-675748
Li5TiP3,0,monoclinic,mp-675800
Li7IN2,0.372505763,monoclinic,mp-675941
Ga5(PS)3,0.36298,orthorhombic,mp-676038
TlNO2,8.99421934,triclinic,mp-676400
Li2SO4,0.145665105,triclinic,mp-676723
KNO3,0.201393072,trigonal,mp-676851
Li11TiSb5,0.244046858,monoclinic,mp-677323
GaPO4,0.511056549,tetragonal,mp-677335
Li5SiP3,0.228901058,monoclinic,mp-685991
Li5TiN3,0.458899442,triclinic,mp-686129
Li5SiN3,1.181165409,triclinic,mp-686208
Li4WO5,6.627199451,tetragonal,mp-690542
MnSnO3,0.491475372,trigonal,mp-691106
KNO3,0.237403099,trigonal,mp-6920
PHN2,0.52364,orthorhombic,mp-697139
Zn(HO)2,0.17287,orthorhombic,mp-697146
K4MoO8,1.894390336,triclinic,mp-705676
H3NO4,0.559169861,orthorhombic,mp-706430
KNbO3,6.016268868,trigonal,mp-7375
RbNO3,0.185961401,trigonal,mp-752446
NbNO,4.701,tetragonal,mp-752463
TaIn3O7,0.27391,orthorhombic,mp-752535
KSnO2,0,triclinic,mp-752538
RbNO2,0.042613437,trigonal,mp-752580
LiSbO3,0.38425,cubic,mp-752636
TiGa2O5,0,monoclinic,mp-752733
Li2V3O6,0,monoclinic,mp-752965
La2Th2O7,0.618414378,tetragonal,mp-753156
Li2WS4,0.09025,tetragonal,mp-753195
HfTiO4,1.603990689,triclinic,mp-753197
TaGaO4,1.73621,orthorhombic,mp-753378
PNO,0.36018,orthorhombic,mp-753671
Na6MgO4,0.290352937,hexagonal,mp-753816
Pr3GaO6,0.434314929,orthorhombic,mp-753821
YHO2,1.093992815,orthorhombic,mp-754117
Na4MgO3,0.655170026,monoclinic,mp-754369
Li5SbS,0.00909,orthorhombic,mp-754496
ZrMnO3,1.14212851,trigonal,mp-754513
Zr3N2O3,0.961368685,orthorhombic,mp-754659
Hf2N2O,2.118505587,triclinic,mp-754833
Ga3NO3,0.093273446,hexagonal,mp-754929
Ti3N2O3,3.776931112,orthorhombic,mp-755047
Zr3N2O3,0.673950006,monoclinic,mp-755132
Zr2N2O,0.472602552,monoclinic,mp-755205
LiTeO3,1.968741079,orthorhombic,mp-755231
Ni(IO3)2,1.324307739,monoclinic,mp-755246
Li3NbS4,0.005206667,cubic,mp-755309
HoHO2,1.066071821,orthorhombic,mp-755543
LiNbO3,0,monoclinic,mp-755559
LiMnO2,2.508949846,monoclinic,mp-755562
Na4MnO4,0.361232532,monoclinic,mp-755816
Lu2Sb2O7,1.292848176,orthorhombic,mp-755867
LiSbS,0.150279403,triclinic,mp-756006
Li3SbS4,0.306519248,orthorhombic,mp-756316
Li5SbS4,0.692649344,orthorhombic,mp-756427
MnPO4,1.028363807,monoclinic,mp-756668
Mg2Mn3O8,0.747719566,trigonal,mp-756696
Li3SbO3,0.23635,cubic,mp-756935
LiSbO3,0,monoclinic,mp-756951
LiZnN,0.50861,cubic,mp-7575
Na5SbO5,0.127182175,monoclinic,mp-759876
Hf3N2O3,1.042861768,orthorhombic,mp-760360
Li3VS4,0.070793333,cubic,mp-760375
Li3SbS4,0.17642,tetragonal,mp-760415
Na4PtO4,0,monoclinic,mp-760492
PNO,0.135542028,monoclinic,mp-760506
Hf3N2O3,0.456404444,monoclinic,mp-761033
Hf3SnO8,0.483191916,monoclinic,mp-761842
Li3V2O6,1.899491762,triclinic,mp-762268
LiVO3,1.63354584,monoclinic,mp-763200
Zr4MnO9,1.910258616,triclinic,mp-763464
Li4Mn5O10,0.308241473,triclinic,mp-763609
Li5SbS,0,tetragonal,mp-767409
Li5SbS,0.066560412,monoclinic,mp-767471
Li3SbS4,0.819988883,monoclinic,mp-768269
Li3VS4,0.643435,tetragonal,mp-768440
Lu2WO6,0.68594,orthorhombic,mp-768502
K2Mg2O3,0.01824,tetragonal,mp-769025
ScGaO3,0.310138123,hexagonal,mp-769079
Mn3TeO6,1.043866378,trigonal,mp-770690
Mn3SnO8,9.46E-22,cubic,mp-770865
Na2Ge2O5,0.076361164,orthorhombic,mp-771248
Y2Hf2O7,0.076115,tetragonal,mp-771260
Sr3GeO5,0.392744719,tetragonal,mp-771411
Sm2Ge2O7,0.064755,tetragonal,mp-772840
Na2Ge2O5,0.376657116,orthorhombic,mp-772842
Li2VO3,0,triclinic,mp-774192
TiMnO4,1.134435,tetragonal,mp-775296
Mn3NiO8,7.34E-21,cubic,mp-775810
Li2SbS2,0.6678,orthorhombic,mp-776356
Ge2N2O,0.439624682,monoclinic,mp-777483
Ge2N2O,0.511554252,monoclinic,mp-778194
HfSO,0.6145,cubic,mp-7787
Ge2N2O,0.727132462,triclinic,mp-779457
MgGeN2,1.304862947,orthorhombic,mp-7798
Li2Ge2O5,0.664822409,orthorhombic,mp-7998
LiUO3,3.072738933,trigonal,mp-8007
Na3SbO3,0.042005134,cubic,mp-8076
Lu2Ge2O7,0.10183,tetragonal,mp-8346
Li3SbS4,0.00527,cubic,mp-850275
K2Sn2O3,0.026406667,cubic,mp-8624
SbIrS,0.01177,cubic,mp-8630
Li2WS4,0.05311,tetragonal,mp-867695
Li4TiS4,0.11194,tetragonal,mp-867699
Ge2N2O,0.535487947,orthorhombic,mp-867745
K3SbSe4,0.366260737,trigonal,mp-8704
NaSi2N3,0.403437968,orthorhombic,mp-8973
HfNiSn,0.148573333,cubic,mp-924128
SbIrS,0.16588,orthorhombic,mp-9270
MgScGa,0.546943333,cubic,mp-961665
LiZnP,0.19854,cubic,mp-961698
Sr2Si5N8,0.17892,orthorhombic,mp-9710
Li8SeN2,0.59709,tetragonal,mp-973793
KH8N3,0.10072,orthorhombic,mp-974267
K3SbS4,0.45396,orthorhombic,mp-9781
LaWN3,7.267482028,trigonal,mp-989524
YWN3,0.881729427,orthorhombic,mp-989617
SrWN3,1.710304681,triclinic,mp-989625
K3SbS4,0.679906667,cubic,mp-9911
LiZnSb,0.702685712,hexagonal,mp-9919
Mg(SbO3)2,1.871141926,orthorhombic,mvc-1621
MgTa2O6,5.387900039,orthorhombic,mvc-1623
Mg(SbO2)4,0.763810629,monoclinic,mvc-2858
Zn3Mo2O7,0.479676268,orthorhombic,mvc-3669
MoWO6,10.9177872,monoclinic,mvc-5693
Mg(SbO2)2,0.723144521,triclinic,mvc-6654
ZnMo2O7,0.733941165,monoclinic,mvc-7386
Mg2Ti3O8,1.600530337,hexagonal,mvc-7568
TmSbPd,1.24887,cubic,mp-1018118
Y(PO3)3,0.650945436,monoclinic,mp-1020797
Na2PdS2,0.09963,orthorhombic,mp-10223
Na6ZnSe4,0.441831693,hexagonal,mp-1024047
Na2PtS2,0.157325718,orthorhombic,mp-10246
NbTl3Se4,0.19552,cubic,mp-1025396
Tl3VSe4,0.23126,cubic,mp-1025549
ThSbRh,0.235966667,cubic,mp-10623
TaTl3Se4,0.376493333,cubic,mp-10644
Na3PSe4,0.59992,cubic,mp-1078419
Na2PdSe2,0.106307897,orthorhombic,mp-1078751
NbTl3S4,0.21719,cubic,mp-1091384
ScTeRh,0.133631526,cubic,mp-1100405
TaSnRh,0.434185949,cubic,mp-1100408
ZrSbRh,0.105326931,cubic,mp-1100415
PRhSe,0.08287,cubic,mp-1102531
SiPtSe,0.990089396,orthorhombic,mp-1103261
Y3TaO7,0.340664979,orthorhombic,mp-11321
YNiSb,0.402613333,cubic,mp-11520
Na3SbSe3,0.15423,cubic,mp-1193265
Rb3SbS3,0.09443,cubic,mp-1193319
Na3SbS3,0.20359,cubic,mp-1193673
Zr3Sb4Pt3,1.1017,cubic,mp-1207448
Rb2Pb2O3,0.03844,cubic,mp-1209489
SnPtSe,0.31334,cubic,mp-1218926
SbTeRh,0.12117,cubic,mp-1219458
PRhS,0.07951,cubic,mp-1219924
NaSrP,0.271613845,hexagonal,mp-13275
ZnSnO3,1.103298719,trigonal,mp-13334
SnPS3,1.494639398,monoclinic,mp-13923
SrNb6O16,4.833715048,orthorhombic,mp-14482
Na2PtSe2,0.20969927,orthorhombic,mp-14588
Si4P4Ru,0.174219678,triclinic,mp-14983
TeSeO4,1.750741725,orthorhombic,mp-1539101
TbSbPt,0.339003333,cubic,mp-16313
TmSbPt,0.50614,cubic,mp-16314
Y2TeO6,0.37565,orthorhombic,mp-17066
Rb3SbSe3,0.04754,cubic,mp-17912
Zr3Ni3Sb4,1.467113225,cubic,mp-17926
Zr(WO4)2,0.22949,cubic,mp-18778
ThSnPt,0.489706667,cubic,mp-19886
VPbO3,2.74812871,tetragonal,mp-20032
PPbS3,0,monoclinic,mp-20199
PPbSe3,0,monoclinic,mp-20316
ZrPbO3,2.707141123,orthorhombic,mp-20337
V(PO3)3,0.134856344,monoclinic,mp-20435
TiPbO3,3.633057217,tetragonal,mp-20459
Yb(NdS2)2,0.62033,orthorhombic,mp-20797
Rb2PbO3,3.38616186,orthorhombic,mp-21489
ThNiSn,0.707216667,cubic,mp-22786
Ti(SiO3)2,0,monoclinic,mp-25301
NiP2O7,0.137292965,monoclinic,mp-26232
Nb2Te3O11,0.24623,orthorhombic,mp-27322
Rb2SnO2,0.16241,orthorhombic,mp-27931
P(WO4)2,0.14871,orthorhombic,mp-28000
Na4SnTe4,0.72258,orthorhombic,mp-28108
Na4SnO3,0.531482975,monoclinic,mp-28261
Rb2SnTe5,0,tetragonal,mp-28520
Na4SnSe4,0.100565,tetragonal,mp-28768
Na3PS4,0.36398,tetragonal,mp-28782
Sb2WO6,7.067789985,monoclinic,mp-28918
NaPt2Se3,0.073055007,hexagonal,mp-28987
Tl3VO4,0.99322,orthorhombic,mp-29047
Ti3Zn2O8,1.69E-21,cubic,mp-29104
Si3P2Pt,0.443025928,triclinic,mp-29157
Re2PbO8,0.634409692,trigonal,mp-29305
NaSnP,0.526931054,hexagonal,mp-29529
Na4SnS4,0.1422,tetragonal,mp-29628
VRe2O9,0.396594661,orthorhombic,mp-29931
Pr4Se3O4,1.07536,orthorhombic,mp-30192
Na10SrSn12,0.171888401,cubic,mp-30253
Sr2SnS4,0.61852,orthorhombic,mp-30294
Zn3(PS4)2,0.079867711,tetragonal,mp-30311
Y2P4O13,0.002451739,orthorhombic,mp-30321
Y2WO6,0.62055,orthorhombic,mp-30539
TiSnPt,0.16022,cubic,mp-30847
Pr(PO3)3,0.12051,orthorhombic,mp-30957
Nd2TeO6,0.34191,orthorhombic,mp-31318
TaSbRu,1.16173,cubic,mp-31454
VSbRu,2.145443333,cubic,mp-31455
V(PO3)4,0.130499481,monoclinic,mp-32509
Tl9SbTe6,2.332911732,tetragonal,mp-34292
ScNiSb,0.128773333,cubic,mp-3432
Sr(SmS2)2,0.438595,tetragonal,mp-34508
NbSbO4,8.088503481,orthorhombic,mp-3491
ZrSO,0.58181,cubic,mp-3519
Sr(YS2)2,0.647625,tetragonal,mp-35746
Sn(PS3)2,0.124307233,trigonal,mp-36381
P2S2O3,0.033502719,tetragonal,mp-3667
TbNiSb,0.285343333,cubic,mp-3716
Sr(PrS2)2,0.358865,tetragonal,mp-38240
Sr2Nb2O7,3.090840616,orthorhombic,mp-3870
TmNiSb,0.276043333,cubic,mp-4025
ZnSnP2,0.085665,tetragonal,mp-4175
ZnSiP2,0.11632,tetragonal,mp-4763
Tl3SbSe3,0.00482,cubic,mp-4876
Te2SO7,0.835689729,orthorhombic,mp-4906
YSbPt,0.461526667,cubic,mp-4964
NbSbRu,1.45031,cubic,mp-505297
Pb3SeO5,1.403551912,orthorhombic,mp-510293
Rb2V3O8,0.714987894,tetragonal,mp-510519
ReTeS,0.069246667,cubic,mp-5222
SrTa4O11,0.336895,hexagonal,mp-541462
ZnSO4,0.478606667,cubic,mp-545756
Rb3TaO8,0.54342,tetragonal,mp-5461
Tl3VS4,0.413673333,cubic,mp-5513
Nd4Se3O4,1.12533,orthorhombic,mp-553278
Na2Zn2O3,0.02634,tetragonal,mp-554845
TePbO3,0.930725986,tetragonal,mp-555021
Si(Sn3O4)2,0.387077177,hexagonal,mp-556100
Zn2SiO4,0.43894,tetragonal,mp-556163
V2Te2O9,2.147249894,orthorhombic,mp-556295
Ta2SnO6,2.661785951,monoclinic,mp-556489
SrZrO3,0.39229,cubic,mp-557203
Te2SO7,0.752116611,orthorhombic,mp-557480
Sc2TeO6,0.214884347,trigonal,mp-557773
Tl2SeO4,0.03573,orthorhombic,mp-559961
Rb6Si10O23,0.05242136,hexagonal,mp-561189
TlSbSe2,0,monoclinic,mp-567318
Nb3Sb2Te5,0.04202,cubic,mp-569571
ScSbPd,0.316913333,cubic,mp-569779
SnPSe3,2.164348072,monoclinic,mp-570370
Tl3PO4,0.894032508,hexagonal,mp-5709
Sb2Pb2O7,0.551395558,orthorhombic,mp-633099
Sb2S2O9,0.2794,tetragonal,mp-638424
Nb2PS10,0.02008,orthorhombic,mp-648932
Tb2YbS4,0.422655,tetragonal,mp-673682
Sc3TaO7,0,orthorhombic,mp-674341
TiPb9O11,0.093661022,tetragonal,mp-674350
Yb(YS2)2,0.44747,tetragonal,mp-675293
Sm2PbS4,0.56688,tetragonal,mp-675511
Nd2PbS4,0.51475,tetragonal,mp-675620
Tb2PbS4,0.656,tetragonal,mp-675645
Yb(SmS2)2,0.3398,tetragonal,mp-675677
Y3TaO7,3.099818819,triclinic,mp-675821
Tl2SeO4,0,monoclinic,mp-675953
Sc3NbO7,0,monoclinic,mp-676300
Rb2SeO4,0.309179234,monoclinic,mp-677526
PbWO4,0.874999238,triclinic,mp-703260
ScSbPt,0.27531,cubic,mp-7173
Nd(PO3)3,0.12489,orthorhombic,mp-7264
Na3VO4,0.56122,tetragonal,mp-752917
Sc2TiO5,0.24404,orthorhombic,mp-753401
NbVO4,4.460237795,orthorhombic,mp-753679
Rb2SnO3,1.586071639,orthorhombic,mp-753798
RbTaO3,11.37144704,trigonal,mp-755018
TaVO4,0.20018,tetragonal,mp-755190
Sr4Sb2O,0,tetragonal,mp-755293
Na3VO4,1.190229971,orthorhombic,mp-755436
SmYO3,0.982146453,orthorhombic,mp-755685
Rb2ZrO3,0.996091706,orthorhombic,mp-756156
TaTl3S4,0.397503333,cubic,mp-7562
ZrSeO,0.32077,cubic,mp-756361
Rb4SnO3,0.466311832,monoclinic,mp-756570
Sm3NbO7,0.67002,orthorhombic,mp-756591
NbRhO4,1.710265,tetragonal,mp-756638
P4WO12,0.136530462,monoclinic,mp-757191
TaRhO4,0.782206555,tetragonal,mp-760402
Na8TiO6,0.687002426,orthorhombic,mp-761219
TiVO4,3.110861415,tetragonal,mp-761341
Na2Sn2O3,0.08067,cubic,mp-761872
Na8SnO6,0.197580005,hexagonal,mp-761931
Na6ZnO4,0.254907853,hexagonal,mp-7664
TmTaO4,1.73994,orthorhombic,mp-768176
SmTaO4,2.047299164,orthorhombic,mp-768230
Rb3SbO3,0.09352,cubic,mp-768232
YTmO3,0.586338391,hexagonal,mp-768353
Sr3TeO6,2.975172456,trigonal,mp-768907
Ni(PS3)2,0.141052424,monoclinic,mp-769218
ZnSeO4,1.109213595,orthorhombic,mp-769365
Tm3TaO7,0.333,orthorhombic,mp-769931
Tb2Ti2O7,0.126165,tetragonal,mp-769953
Tm2P4O13,0.02975,orthorhombic,mp-772232
Tm2WO6,0.65459,orthorhombic,mp-773512
Na2Ti2O5,0.622226127,orthorhombic,mp-773663
TiSnO4,2.375385,tetragonal,mp-773864
NaV5O8,3.44E-21,cubic,mp-774833
Ti3TeO8,0.59058114,triclinic,mp-774922
Tm2TeO6,0.36693,orthorhombic,mp-780172
Na2SnO2,0.24367,orthorhombic,mp-781712
Si3NiP4,0.72251,tetragonal,mp-8311
Na6ZnS4,0.460261225,hexagonal,mp-8389
Tl3SbS3,0.478349985,trigonal,mp-8393
Tl4SiS4,0.694179316,monoclinic,mp-8479
TiNiO3,2.936946955,trigonal,mp-850194
Na2VO3,1.190030791,orthorhombic,mp-850201
Na6Ti2O7,1.224745579,monoclinic,mp-850957
Sb2TeSe2,1.188478788,trigonal,mp-8612
Na3SbSe4,0.79604,cubic,mp-8703
Na6P4W,0.438010584,hexagonal,mp-9007
ZrNiSn,0.007466667,cubic,mp-924129
TiNiSn,0.524518243,cubic,mp-924130
ScNiP,0.79925,cubic,mp-961675
TiSnPd,0.050447249,cubic,mp-961682
ZrSnPd,0.138182934,cubic,mp-961687
TiSiPt,0.677262123,cubic,mp-961706
ZrSiPt,0.913542362,cubic,mp-961711
ZrSnPt,0.006331151,cubic,mp-961713
Re2S2O13,0.503773512,orthorhombic,mp-974650
Rb3NbO8,0.58166,tetragonal,mp-9808
Na3PS4,0.92883,cubic,mp-985584
Zn3Sn2O7,1.12301,orthorhombic,mvc-3343
Zn3W2O7,0.362770531,orthorhombic,mvc-3714
Te(WO4)2,3.132885044,triclinic,mvc-667
Zn2Sn3O8,0.227760754,hexagonal,mvc-7701
